,name,sector,industry,country,mktCap,fullTimeEmployees
ticker,error,,,,,
AAB.TO,error,,,,,
AAV.TO,ADVANTAGE OIL & GAS LTD.,Energy,Oil & Gas E&P,Canada,613248384,39
ABST.TO,ABSOLUTE SOFTWARE CORPORATION,Technology,Software—Application,Canada,904240256,526
ABT.TO,error,,,,,
ABX.TO,BARRICK GOLD CORPORATION,Basic Materials,Gold,Canada,46575513600,
AC.TO,AIR CANADA,Industrials,Airlines,Canada,8291980800,
ACB.TO,AURORA CANNABIS INC,Healthcare,Drug Manufacturers—Specialty & Generic,Canada,2167880960,2731
ACB.WT.TO,error,,,,,
ACB.WT.U.TO,error,,,,,
ACD.TO,error,,,,,
ACD.DB.TO,error,,,,,
ACO.X.TO,error,,,,,
ACO.Y.TO,error,,,,,
ACQ.TO,AUTOCANADA INC,Consumer Cyclical,Auto & Truck Dealerships,Canada,1289456512,
ACZ.TO,MIDDLEFIELD AMERICAN CORE DIVID,,,,,
AD.DB.TO,error,,,,,
AD.UN.TO,error,,,,,
ADN.TO,ACADIAN TIMBER CORP,Basic Materials,Lumber & Wood Production,Canada,338744064,
ADW.A.TO,error,,,,,
ADW.B.TO,error,,,,,
AEG.TO,error,,,,,
AEM.TO,AGNICO EAGLE MINES LIMITED,Basic Materials,Gold,Canada,18720651264,6210
AEZS.TO,AETERNA ZENTARIS INC,Healthcare,Biotechnology,United States,158711728,12
AFN.TO,AG GROWTH INTERNATIONAL INC.,Industrials,Farm & Heavy Construction Machinery,Canada,806763008,
AFN.DB.D.TO,error,,,,,
AFN.DB.E.TO,error,,,,,
AFN.DB.F.TO,error,,,,,
AFN.DB.G.TO,error,,,,,
AFN.DB.H.TO,error,,,,,
AGF.B.TO,error,,,,,
AGI.TO,ALAMOS GOLD INC CLS A,Basic Materials,Gold,Canada,3868479488,1700
AH.TO,ALEAFIA HEALTH INC,Healthcare,Drug Manufacturers—Specialty & Generic,Canada,171748720,
AH.DB.TO,error,,,,,
AH.WT.TO,error,,,,,
AH.WT.A.TO,error,,,,,
AHC.TO,APOLLO HEALTHCARE CORP,Consumer Defensive,Household & Personal Products,Canada,295846784,500
AHC.WT.TO,error,,,,,
AI.TO,ATRIUM MORTGAGE INVESTMENT CORP,Financial Services,Mortgage Finance,Canada,583163648,
AI.DB.B.TO,error,,,,,
AI.DB.C.TO,error,,,,,
AI.DB.D.TO,error,,,,,
AI.DB.E.TO,error,,,,,
AIF.TO,ALTUS GROUP LIMITED,Real Estate,Real Estate Services,Canada,2573496832,2200
AII.TO,error,,,,,
AIM.TO,AIMIA INC,Industrials,Specialty Business Services,Canada,454117056,18
AIM.PR.A.TO,error,,,,,
AIM.PR.C.TO,error,,,,,
AJX.TO,error,,,,,
AKT.A.TO,error,,,,,
AKT.B.TO,error,,,,,
AKU.TO,AKUMIN INC,Healthcare,Diagnostics & Research,United States,273507584,
ALA.TO,ALTAGAS LTD.,Utilities,Utilities—Regulated Gas,Canada,6419977216,2984
ALA.PR.A.TO,error,,,,,
ALA.PR.B.TO,error,,,,,
ALA.PR.E.TO,error,,,,,
ALA.PR.G.TO,error,,,,,
ALA.PR.H.TO,error,,,,,
ALA.PR.I.TO,error,,,,,
ALA.PR.K.TO,error,,,,,
ALA.PR.U.TO,error,,,,,
ALB.TO,error,,,,,
ALB.PR.C.TO,error,,,,,
ALC.TO,ALGOMA CENTRAL,Industrials,Marine Shipping,Canada,639213184,1600
ALC.DB.A.TO,error,,,,,
ALFA.TO,ACCELERATE PRIVATE EQUITY ALPHA,,,,,
ALS.TO,ALTIUS MINERALS CORPORATION,Basic Materials,Other Industrial Metals & Mining,Canada,693290432,15
ALYA.TO,ALITHYA GROUP INC,Technology,Information Technology Services,Canada,229419568,2200
AMM.TO,ALMADEN MINERALS LTD.,Basic Materials,Gold,Canada,100171328,
AND.TO,ANDLAUER HEALTHCARE GROUP INC,Healthcare,Medical Distribution,Canada,1435062528,
ANX.TO,ANACONDA MINING INC,Basic Materials,Gold,Canada,105714176,
AOI.TO,AFRICA OIL CORP,Energy,Oil & Gas E&P,Canada,567902400,
AOT.TO,ASCOT RESOURCES LTD,Basic Materials,Other Industrial Metals & Mining,Canada,328261120,16
AP.UN.TO,error,,,,,
APHA.TO,APHRIA INC,Healthcare,Drug Manufacturers—Specialty & Generic,Canada,5981089280,1200
APLI.TO,error,,,,,
APR.UN.TO,error,,,,,
APS.TO,APTOSE BIOSCIENCES INC,Healthcare,Biotechnology,Canada,613708096,39
APY.TO,ANGLO PACIFIC GROUP PLC,Basic Materials,Coking Coal,United Kingdom,509454368,9
AQA.TO,error,,,,,
AQN.TO,ALGONQUIN POWER AND UTILITIES C,Utilities,Utilities—Renewable,Canada,11871823872,3441
AQN.PR.A.TO,error,,,,,
AQN.PR.D.TO,error,,,,,
AR.TO,ARGONAUT GOLD INC.,Basic Materials,Gold,United States,834934528,
AR.DB.U.TO,error,,,,,
ARB.TO,ACCELERATE ARBITRAGE FUND ETF,,,,,
ARE.TO,AECON GROUP INC,Industrials,Engineering & Construction,Canada,1124901248,5260
ARE.DB.C.TO,error,,,,,
ARG.TO,AMERIGO RESOURCES LTD.,Basic Materials,Copper,Canada,224153552,
ARX.TO,ARC RESOURCES LTD.,Energy,Oil & Gas E&P,Canada,5594718720,
ASM.TO,AVINO SILVER AND GOLD MINES LTD,Basic Materials,Other Precious Metals & Mining,Canada,151688704,
ASND.TO,error,,,,,
ASND.WT.TO,error,,,,,
ASP.TO,error,,,,,
ASP.RT.TO,error,,,,,
AT.TO,ACUITYADS HOLDINGS INC,Communication Services,Internet Content & Information,Canada,748442240,173
ATA.TO,ATS AUTOMATION,Industrials,Specialty Industrial Machinery,Canada,2728624128,4500
ATD.A.TO,error,,,,,
ATD.B.TO,error,,,,,
ATE.TO,ANTIBE THERAPEUTICS INC,Healthcare,Biotechnology,Canada,191585312,47
ATH.TO,ATHABASCA OIL CORP,Energy,Oil & Gas E&P,Canada,318405024,140
ATP.TO,ATLANTIC POWER CORP.,Utilities,Utilities—Independent Power Producers,United States,333737216,261
ATP.DB.E.TO,error,,,,,
ATSX.TO,ACCELERATE ENHANCED CDN BM ALT ,,,,,
ATZ.TO,ARITZIA INC,Consumer Cyclical,Apparel Retail,Canada,3360818688,3480
AUGB.F.TO,error,,,,,
AUMN.TO,GOLDEN MINERALS COMPANY,Basic Materials,Other Precious Metals & Mining,United States,145610992,192
AUP.TO,AURINIA PHARMACEUTICALS INC,Healthcare,Biotechnology,Canada,2080000256,294
AVCN.TO,error,,,,,
AVL.TO,AVALON ADVANCED MATERIALS INC,Basic Materials,Other Industrial Metals & Mining,Canada,60998524,
AVP.TO,error,,,,,
AW.UN.TO,error,,,,,
AX.PR.A.TO,error,,,,,
AX.PR.E.TO,error,,,,,
AX.PR.I.TO,error,,,,,
AX.UN.TO,error,,,,,
AXU.TO,ALEXCO RESOURCE CORP,Basic Materials,Other Precious Metals & Mining,Canada,474049568,130
AYA.TO,AYA GOLD AND SILVER INC,Basic Materials,Other Precious Metals & Mining,Canada,712078272,
AYM.TO,ATALAYA MINING PLC,Basic Materials,Copper,Cyprus,781006592,483
AZP.PR.A.TO,error,,,,,
AZP.PR.B.TO,error,,,,,
AZP.PR.C.TO,error,,,,,
AZZ.TO,AZARGA URANIUM CORP,Energy,Uranium,Canada,68335272,6
BAD.TO,BADGER DAYLIGHTING LTD.,Industrials,Engineering & Construction,Canada,1449221120,1875
BAM.A.TO,error,,,,,
BAM.PF.A.TO,error,,,,,
BAM.PF.B.TO,error,,,,,
BAM.PF.C.TO,error,,,,,
BAM.PF.D.TO,error,,,,,
BAM.PF.E.TO,error,,,,,
BAM.PF.F.TO,error,,,,,
BAM.PF.G.TO,error,,,,,
BAM.PF.H.TO,error,,,,,
BAM.PF.I.TO,error,,,,,
BAM.PF.J.TO,error,,,,,
BAM.PR.B.TO,error,,,,,
BAM.PR.C.TO,error,,,,,
BAM.PR.E.TO,error,,,,,
BAM.PR.G.TO,error,,,,,
BAM.PR.K.TO,error,,,,,
BAM.PR.M.TO,error,,,,,
BAM.PR.N.TO,error,,,,,
BAM.PR.R.TO,error,,,,,
BAM.PR.S.TO,error,,,,,
BAM.PR.T.TO,error,,,,,
BAM.PR.X.TO,error,,,,,
BAM.PR.Z.TO,error,,,,,
BASE.TO,EVOLVE GLOB MATLS MINING ENH YL,,,,,
BASE.B.TO,error,,,,,
BB.TO,BLACKBERRY LIMITED,Technology,Software—Infrastructure,Canada,6147451904,3497
BBD.A.TO,error,,,,,
BBD.B.TO,error,,,,,
BBD.PR.B.TO,error,,,,,
BBD.PR.C.TO,error,,,,,
BBD.PR.D.TO,error,,,,,
BBL.A.TO,error,,,,,
BBTV.TO,BBTV HOLDINGS INC,Communication Services,Internet Content & Information,Canada,189704544,
BBU.UN.TO,error,,,,,
BC.U.TO,error,,,,,
BC.WT.U.TO,error,,,,,
BCE.TO,BCE INC.,Communication Services,Telecom Services,Canada,52554874880,50704
BCE.PR.A.TO,error,,,,,
BCE.PR.B.TO,error,,,,,
BCE.PR.C.TO,error,,,,,
BCE.PR.D.TO,error,,,,,
BCE.PR.E.TO,error,,,,,
BCE.PR.F.TO,error,,,,,
BCE.PR.G.TO,error,,,,,
BCE.PR.H.TO,error,,,,,
BCE.PR.I.TO,error,,,,,
BCE.PR.J.TO,error,,,,,
BCE.PR.K.TO,error,,,,,
BCE.PR.L.TO,error,,,,,
BCE.PR.M.TO,error,,,,,
BCE.PR.N.TO,error,,,,,
BCE.PR.O.TO,error,,,,,
BCE.PR.Q.TO,error,,,,,
BCE.PR.R.TO,error,,,,,
BCE.PR.S.TO,error,,,,,
BCE.PR.T.TO,error,,,,,
BCE.PR.Y.TO,error,,,,,
BCE.PR.Z.TO,error,,,,,
BCI.TO,NEW LOOK VISION GROUP INC,Consumer Cyclical,Specialty Retail,Canada,777998720,
BDI.TO,BLACK DIAMOND GROUP LTD,Industrials,Rental & Leasing Services,Canada,230095792,349
BDIV.TO,BROMPTON GLOBAL DIVIDEND GROWTH,,,,,
BDT.TO,BIRD CONSTRUCTION INC.,Industrials,Engineering & Construction,Canada,480532448,
BEI.UN.TO,error,,,,,
BEK.B.TO,error,,,,,
BEP.PR.E.TO,error,,,,,
BEP.PR.G.TO,error,,,,,
BEP.PR.I.TO,error,,,,,
BEP.PR.K.TO,error,,,,,
BEP.PR.M.TO,error,,,,,
BEP.PR.O.TO,error,,,,,
BEP.UN.TO,error,,,,,
BEPC.TO,BROOKFIELD RENEWABLE CORPORATIO,Utilities,Utilities—Renewable,United States,8773692416,1885
BESG.TO,INVESCO ESG CDN CORE PLUS BOND ,,,,,
BFIN.TO,BROMPTON NA FINANCIALS DIVIDEND,,,,,
BGC.TO,BRISTOL GATE CONCENTRATED CDN E,,,,,
BGI.UN.TO,error,,,,,
BGU.TO,BRISTOL GATE CONCENTRATED US EQ,,,,,
BGU.U.TO,error,,,,,
BHC.TO,BAUSCH HEALTH COMPANIES INC,Healthcare,Drug Manufacturers—Specialty & Generic,Canada,14073505792,21600
BIK.PR.A.TO,error,,,,,
BIP.PR.A.TO,error,,,,,
BIP.PR.B.TO,error,,,,,
BIP.PR.C.TO,error,,,,,
BIP.PR.D.TO,error,,,,,
BIP.PR.E.TO,error,,,,,
BIP.PR.F.TO,error,,,,,
BIP.UN.TO,error,,,,,
BIPC.TO,BROOKFIELD INFRASTRUCTURE CORPO,Utilities,Utilities—Regulated Gas,United States,3967200256,
BIR.TO,BIRCHCLIFF ENERGY LTD.,Energy,Oil & Gas E&P,Canada,829729664,205
BIR.PR.A.TO,error,,,,,
BIR.PR.C.TO,error,,,,,
BK.TO,error,,,,,
BK.PR.A.TO,error,,,,,
BKI.TO,error,,,,,
BKL.C.TO,error,,,,,
BKL.F.TO,error,,,,,
BKX.TO,error,,,,,
BL.UN.TO,error,,,,,
BLB.UN.TO,error,,,,,
BLDP.TO,BALLARD POWER SYSTEMS INC,Industrials,Specialty Industrial Machinery,Canada,7986269184,785
BLOV.TO,BROMPTON NA LOW VOLATILITY DIVI,,,,,
BLU.TO,BELLUS HEALTH INC.,Healthcare,Biotechnology,Canada,395603872,32
BLX.TO,BORALEX INC.,Utilities,Utilities—Renewable,Canada,4043109888,527
BMO.TO,BANK OF MONTREAL,Financial Services,Banks—Diversified,Canada,75052670976,43360
BMO.PR.A.TO,error,,,,,
BMO.PR.B.TO,error,,,,,
BMO.PR.C.TO,error,,,,,
BMO.PR.D.TO,error,,,,,
BMO.PR.E.TO,error,,,,,
BMO.PR.F.TO,error,,,,,
BMO.PR.Q.TO,error,,,,,
BMO.PR.S.TO,error,,,,,
BMO.PR.T.TO,error,,,,,
BMO.PR.W.TO,error,,,,,
BMO.PR.Y.TO,error,,,,,
BMO.PR.Z.TO,error,,,,,
BNAU.TO,BATTLE NORTH GOLD CORP,Basic Materials,Gold,Canada,338572096,
BNC.TO,PURPOSE CDN FINANCIAL INCOME FU,,,,,
BND.TO,PURPOSE GLOBAL BOND FUND,,,,,
BNE.TO,BONTERRA ENERGY CORP,Energy,Oil & Gas E&P,Canada,117959776,36
BNG.TO,error,,,,,
BNK.TO,BIG BANC SPLIT CORP,Financial Services,Asset Management,Canada,24659032,
BNK.PR.A.TO,error,,,,,
BNS.TO,BANK OF NOVA SCOTIA,Financial Services,Banks—Diversified,Canada,94898462720,89808
BNS.PR.E.TO,error,,,,,
BNS.PR.F.TO,error,,,,,
BNS.PR.G.TO,error,,,,,
BNS.PR.H.TO,error,,,,,
BNS.PR.I.TO,error,,,,,
BNS.PR.Z.TO,error,,,,,
BOS.TO,AIRBOSS AMERICA J,Basic Materials,Specialty Chemicals,Canada,1103260800,1318
BPF.UN.TO,error,,,,,
BPO.PR.A.TO,error,,,,,
BPO.PR.C.TO,error,,,,,
BPO.PR.E.TO,error,,,,,
BPO.PR.G.TO,error,,,,,
BPO.PR.I.TO,error,,,,,
BPO.PR.N.TO,error,,,,,
BPO.PR.P.TO,error,,,,,
BPO.PR.R.TO,error,,,,,
BPO.PR.S.TO,error,,,,,
BPO.PR.T.TO,error,,,,,
BPO.PR.W.TO,error,,,,,
BPO.PR.X.TO,error,,,,,
BPO.PR.Y.TO,error,,,,,
BPRF.TO,BF AND CRUMRINE INVEST GRADE PR,,,,,
BPRF.U.TO,error,,,,,
BPS.PR.A.TO,error,,,,,
BPS.PR.B.TO,error,,,,,
BPS.PR.C.TO,error,,,,,
BPS.PR.U.TO,error,,,,,
BPY.UN.TO,error,,,,,
BR.TO,error,,,,,
BRE.TO,BRIDGEMARQ REAL ESTATE SERVICES,Real Estate,Real Estate Services,Canada,158380304,
BREA.TO,BROMPTON GLOBAL REAL ASSETS DIV,,,,,
BRF.PR.A.TO,error,,,,,
BRF.PR.B.TO,error,,,,,
BRF.PR.C.TO,error,,,,,
BRF.PR.E.TO,error,,,,,
BRF.PR.F.TO,error,,,,,
BRY.TO,error,,,,,
BSO.UN.TO,error,,,,,
BSX.TO,BELO SUN MINING CORP,Basic Materials,Gold,Canada,364044000,
BTB.DB.F.TO,error,,,,,
BTB.DB.G.TO,error,,,,,
BTB.DB.H.TO,error,,,,,
BTB.UN.TO,error,,,,,
BTE.TO,BAYTEX ENERGY CORP.,Energy,Oil & Gas E&P,Canada,823320320,
BTO.TO,B2GOLD CORP.,Basic Materials,Gold,Canada,6226656256,
BU.TO,BURCON NUTRASCIENCE CORPORATION,Consumer Defensive,Packaged Foods,Canada,503374688,21
BUA.UN.TO,error,,,,,
BUI.TO,error,,,,,
BXF.TO,CI 1 TO 5 YR LAD GOV STP BD ETF,,,,,
BYD.TO,BOYD GROUP SERVICES INC,Consumer Cyclical,Personal Services,Canada,4901888512,8956
BYL.TO,error,,,,,
BYL.DB.TO,error,,,,,
CACB.TO,CIBC ACTIVE INVST GRADE CORP BO,,,,,
CAE.TO,CAE INC,Industrials,Aerospace & Defense,Canada,11291087872,10000
CAGG.TO,CI YLD ENH CDN AGRT BOND IDX ET,,,,,
CAGS.TO,CI YLD ENH CDN ST AGG BD IDX ET,,,,,
CALL.TO,EVOLVE US BANKS ENHANCED YIELD ,,,,,
CALL.B.TO,error,,,,,
CAR.UN.TO,error,,,,,
CARS.TO,EVOLVE AUTOMOBILE INNOVATION ID,,,,,
CARS.B.TO,error,,,,,
CARS.U.TO,error,,,,,
CAS.TO,CASCADES INC,Basic Materials,Paper & Paper Products,Canada,1474892032,11714
CBH.TO,ISHARES 1-10 YR LADDERED CORP B,,,,,
CBO.TO,ISHARES 1-5YR LADDERED CORP BON,,,,,
CCA.TO,COGECO COMMUNICATIONS INC,Communication Services,Telecom Services,Canada,5541422080,3740
CCL.A.TO,error,,,,,
CCL.B.TO,error,,,,,
CCM.TO,error,,,,,
CCNS.TO,CIBC CONSERVATIVE FIXED INCOME ,,,,,
CCO.TO,CAMECO CORP,Energy,Uranium,Canada,8206152192,
CCOR.TO,CI DOUBLELINE COR PLUS FXD INC ,,,,,
CCRE.TO,CIBC CORE FIXED INCOME POOL ETF,,,,,
CCS.PR.C.TO,error,,,,,
CDAY.TO,CERIDIAN HCM HOLDINGS INC,Technology,Software—Application,United States,17298010112,5974
CDD.UN.TO,error,,,,,
CDLB.TO,CI DOUBLELINE TOTAL RETURN BND ,,,,,
CDLB.B.TO,error,,,,,
CDLB.U.TO,error,,,,,
CDV.TO,error,,,,,
CDZ.TO,ISHARES SP TSX CDN DIVIDEND IDX,,,,,
CEE.TO,CENTAMIN PLC,Basic Materials,Gold,Jersey,2127888640,3128
CEF.TO,SPROTT PHYSICAL GOLD SILVER TRU,,,,4350620672,
CEF.U.TO,error,,,,,
CERV.TO,CERVUS EQUIPMENT CORPORATION,Industrials,Farm & Heavy Construction Machinery,Canada,255656944,1548
CET.TO,CATHEDRAL ENERGY SERVICES LTD.,Energy,Oil & Gas Drilling,Canada,15185431,118
CEU.TO,CES ENERGY SOLUTIONS CORP,Energy,Oil & Gas Equipment & Services,Canada,410028480,1609
CEW.TO,ISHARES EQUAL WEIGHT BANC LIFEC,,,,,
CF.TO,CANACCORD GENUITY GROUP INC,Financial Services,Capital Markets,Canada,1142131456,2296
CF.DB.A.TO,error,,,,,
CF.PR.A.TO,error,,,,,
CF.PR.C.TO,error,,,,,
CFF.TO,CONIFEX TIMBER INC,Basic Materials,Lumber & Wood Production,Canada,124494040,270
CFLX.TO,CIBC FLEXIBLE YIELD ETF HEDGED,,,,,
CFP.TO,CANFOR CORP,Basic Materials,Lumber & Wood Production,Canada,3844223488,7111
CFW.TO,CALFRAC WELL SERVICES LTD.,Energy,Oil & Gas Equipment & Services,Canada,127937072,
CFX.TO,CANFOR PULP PRODUCTS INC.,Basic Materials,Paper & Paper Products,Canada,587102400,1278
CG.TO,CENTERRA GOLD INC.,Basic Materials,Gold,Canada,3355018240,
CGAA.TO,CI GLOBAL ASSET ALLOC PRIVATE P,,,,,
CGG.TO,CHINA GOLD INT RESOURCES CORP.,Basic Materials,Other Precious Metals & Mining,Canada,1494480896,2082
CGI.TO,error,,,,,
CGI.PR.D.TO,error,,,,,
CGL.TO,ISHARES GOLD BULLION ETF HDG,,,,,
CGL.C.TO,error,,,,,
CGLO.TO,CIBC GLOBAL GROWTH ETF,,,,,
CGO.TO,"COGECO INC., SV",Communication Services,Telecom Services,Canada,1545463552,3740
CGR.TO,ISHARES GLOBAL REAL ESTATE IDX ,,,,,
CGRA.TO,CI GLOBAL REAL ASSET PRIVATE PO,,,,,
CGRE.TO,CI GLOBAL REIT PRIVATE POOL ETF,,,,,
CGX.TO,CINEPLEX INC.,Communication Services,Entertainment,Canada,804331648,10000
CGX.DB.B.TO,error,,,,,
CGXF.TO,CI GLD  GIANTS CVR CALL ETF,,,,,
CGY.TO,CALIAN GROUP LTD,Industrials,Specialty Business Services,Canada,646023680,4400
CHB.TO,ISHARES US HY FIXED INCOME INDE,,,,,
CHE.DB.B.TO,error,,,,,
CHE.DB.C.TO,error,,,,,
CHE.DB.D.TO,error,,,,,
CHE.DB.E.TO,error,,,,,
CHE.DB.F.TO,error,,,,,
CHE.UN.TO,error,,,,,
CHNA.B.TO,error,,,,,
CHP.UN.TO,error,,,,,
CHR.TO,CHORUS AVIATION INC,Industrials,Airlines,Canada,702502848,2875
CHR.DB.A.TO,error,,,,,
CHW.TO,CHESSWOOD GROUP LIMITED,Financial Services,Credit Services,Canada,203188752,144
CIA.TO,CHAMPION IRON LIMITED,Basic Materials,Other Industrial Metals & Mining,Australia,3190453504,
CIC.TO,CI CANBANC INCOME CLASS ETF,,,,,
CIF.TO,ISHARES GLOBAL INFRASTRUCTURE I,,,,,
CIGI.TO,COLLIERS INTERNATIONAL GROUP IN,Real Estate,Real Estate Services,Canada,5826406912,15370
CINC.TO,CI DOUBLELINE INCOME US HDG ETF,,,,,
CINC.B.TO,error,,,,,
CINC.U.TO,error,,,,,
CINF.TO,CI GLOBAL INFRASTRUCTURE PVT PO,,,,,
CINT.TO,CIBC INTERNATIONAL EQUITY ETF,,,,,
CIQ.UN.TO,error,,,,,
CIU.PR.A.TO,error,,,,,
CIU.PR.C.TO,error,,,,,
CIX.TO,CI FINANCIAL CORP.,Financial Services,Asset Management,Canada,4070560000,
CJ.TO,CARDINAL ENERGY LTD,Energy,Oil & Gas E&P,Canada,388427392,
CJ.DB.TO,error,,,,,
CJ.DB.A.TO,error,,,,,
CJR.B.TO,error,,,,,
CJT.TO,CARGOJET INC.,Industrials,Integrated Freight & Logistics,Canada,3133045504,1237
CJT.DB.D.TO,error,,,,,
CJT.DB.E.TO,error,,,,,
CJT.DB.F.TO,error,,,,,
CKI.TO,CLARKE INC,Financial Services,Asset Management,Canada,131506376,
CKI.DB.TO,error,,,,,
CLF.TO,ISHARES 1-5 YR LADDER GOVT BOND,,,,,
CLG.TO,ISHARES 1-10 YR LADDER GOVT BON,,,,,
CLIQ.TO,ALCANNA INC,Consumer Cyclical,Specialty Retail,Canada,302769696,
CLIQ.DB.TO,error,,,,,
CLQ.TO,error,,,,,
CLR.TO,error,,,,,
CLS.TO,"CELESTICA INC., SV",Technology,Electronic Components,Canada,1321482240,18226
CM.TO,CANADIAN IMPERIAL BANK OF COMME,Financial Services,Banks—Diversified,Canada,57226268672,43890
CM.PR.O.TO,error,,,,,
CM.PR.P.TO,error,,,,,
CM.PR.Q.TO,error,,,,,
CM.PR.R.TO,error,,,,,
CM.PR.S.TO,error,,,,,
CM.PR.T.TO,error,,,,,
CM.PR.Y.TO,error,,,,,
CMAG.TO,CI MUNRO ALT GLOBAL GROWTH FUND,,,,,
CMAR.TO,CI MARRET ALT ABSOLUTE RETURN B,,,,,
CMAR.U.TO,error,,,,,
CMCE.TO,CIBC MULTIFACTOR CANADIAN EQUIT,,,,,
CMG.TO,COMPUTER MODELLING GROUP LTD,Technology,Software—Application,Canada,439967296,197
CMMC.TO,COPPER MOUNTAIN MINING CORP,Basic Materials,Copper,Canada,855915968,
CMR.TO,ISHARES PREMIUM MONEY MARKET ET,,,,,
CMUE.TO,CIBC MULTIFACTOR US EQUITY ETF,,,,,
CNE.TO,CANACOL ENERGY LTD,Energy,Oil & Gas E&P,Canada,622917056,373
CNQ.TO,CDN NATURAL RES,Energy,Oil & Gas E&P,Canada,44258615296,
CNR.TO,CANADIAN NATIONAL RAILWAY CO.,Industrials,Railroads,Canada,93689643008,24577
CNT.TO,error,,,,,
CNU.TO,CNOOC LIMITED,Energy,Oil & Gas E&P,Hong Kong,58176126976,18151
COG.TO,error,,,,,
COMM.TO,BMO GLOBAL COMMUNICATIONS INDEX,,,,,
CORP.TO,EXEMPLAR INVESTMENT GRADE FUND,,,,,
COW.TO,ISHARES GLOBAL AGRI INDEX ETF,,,,,
CP.TO,CANADIAN PACIFIC RAILWAY LIMITE,Industrials,Railroads,Canada,61156134912,12398
CPD.TO,ISHARES SP TSX CDN PREF IDX ETF,,,,,
CPG.TO,CRESCENT POINT ENERGY CORP.,Energy,Oil & Gas E&P,Canada,2572280064,735
CPH.TO,CIPHER PHARMACEUTICALS INC,Healthcare,Drug Manufacturers—Specialty & Generic,Canada,35064900,5
CPI.TO,error,,,,,
CPLS.TO,CIBC CORE PLUS FIXED INCOME POO,,,,,
CPX.TO,CAPITAL POWER CORPORATION,Utilities,Utilities—Independent Power Producers,Canada,4192193280,793
CPX.PR.A.TO,error,,,,,
CPX.PR.C.TO,error,,,,,
CPX.PR.E.TO,error,,,,,
CPX.PR.G.TO,error,,,,,
CPX.PR.I.TO,error,,,,,
CPX.PR.K.TO,error,,,,,
CR.TO,CREW ENERGY INC,Energy,Oil & Gas E&P,Canada,164788384,
CRDL.TO,CARDIOL THERAPEUTICS INC,Healthcare,Drug Manufacturers—Specialty & Generic,Canada,139327664,
CRDL.WT.TO,error,,,,,
CRED.TO,CI LAWRENCE PARK ALT INVEST GRD,,,,,
CRED.U.TO,error,,,,,
CRH.TO,CRH MEDICAL CORPORATION,Healthcare,Medical Instruments & Supplies,Canada,357385792,133
CRON.TO,CRONOS GROUP INC,Healthcare,Drug Manufacturers—Specialty & Generic,Canada,3727719424,
CRP.TO,error,,,,,
CRR.UN.TO,error,,,,,
CRRX.TO,error,,,,,
CRT.UN.TO,error,,,,,
CRWN.TO,error,,,,,
CRWN.DB.TO,error,,,,,
CS.TO,CAPSTONE MINING CORP.,Basic Materials,Copper,Canada,2251053568,
CSAV.TO,CI HIGH INTEREST SAVINGS ETF,,,,,
CSD.TO,ISHARES SHORT DUR HI INC ETF CA,,,,,
CSE.PR.A.TO,error,,,,,
CSH.UN.TO,error,,,,,
CSM.TO,error,,,,,
CSU.TO,CONSTELLATION SOFTWARE INC.,Technology,Software—Application,Canada,38227984384,
CSU.DB.TO,error,,,,,
CSW.A.TO,error,,,,,
CSW.B.TO,error,,,,,
CSY.TO,CI CORE CAN EQUITY INC CLASS ET,,,,,
CTC.TO,error,,,,,
CTC.A.TO,error,,,,,
CTF.UN.TO,error,,,,,
CTX.TO,error,,,,,
CU.TO,"CANADIAN UTILITIES LTD., CL.A, ",Utilities,Utilities—Diversified,Canada,9574435840,4473
CU.PR.C.TO,error,,,,,
CU.PR.D.TO,error,,,,,
CU.PR.E.TO,error,,,,,
CU.PR.F.TO,error,,,,,
CU.PR.G.TO,error,,,,,
CU.PR.H.TO,error,,,,,
CU.PR.I.TO,error,,,,,
CU.X.TO,error,,,,,
CUD.TO,ISHARES SP US DIV GROWERS IDX E,,,,,
CUF.UN.TO,error,,,,,
CUP.RT.U.TO,error,,,,,
CUP.U.TO,error,,,,,
CVD.TO,ISHARES CONVERTIBLE BOND INDEX ,,,,,
CVE.TO,CENOVUS ENERGY INC.,Energy,Oil & Gas Integrated,Canada,19307091968,2413
CVG.TO,CLAIRVEST GROUP,Financial Services,Asset Management,Canada,926091584,35
CWB.TO,CDN WESTERN BANK,Financial Services,Banks—Regional,Canada,2944000256,2498
CWB.PR.B.TO,error,,,,,
CWB.PR.C.TO,error,,,,,
CWB.PR.D.TO,error,,,,,
CWEB.TO,CHARLOTTES WEB HOLDINGS INC,Healthcare,Drug Manufacturers—Specialty & Generic,United States,692059456,306
CWEB.WR.TO,error,,,,,
CWEB.WS.TO,error,,,,,
CWEB.WT.TO,error,,,,,
CWL.TO,error,,,,,
CWW.TO,ISHARES SP GLOBAL WATER IDX ETF,,,,,
CWX.TO,CANWEL BUILDING MATERIALS GROUP,Basic Materials,Building Materials,Canada,757348928,
CWX.NT.A.TO,error,,,,,
CXB.TO,CALIBRE MINING CORP,Basic Materials,Gold,Canada,670980160,
CXF.TO,CI CDN CONVERT BOND ETF,,,,,
CXI.TO,CURRENCY EXCHANGE INTERNATIONAL,Financial Services,Capital Markets,United States,90091456,194
CYB.TO,error,,,,,
CYBR.TO,EVOLVE CYBER SECURITY INDEX HGD,,,,,
CYBR.B.TO,error,,,,,
CYBR.U.TO,error,,,,,
CYH.TO,ISHARES GLOBAL MONTHLY DIVIDEND,,,,,
D.UN.TO,error,,,,,
DANC.TO,DESJARDINS LNG SHRT EQTY MKT NT,,,,,
DBO.TO,error,,,,,
DC.A.TO,error,,,,,
DC.PR.B.TO,error,,,,,
DC.PR.D.TO,error,,,,,
DCBO.TO,DOCEBO INC,Technology,Software—Application,Canada,2131675776,488
DCC.TO,DESJARDINS 1TO5 YR LAD CDN CORP,,,,,
DCG.TO,DESJARDINS 1TO5 YR LAD CDN GOVT,,,,,
DCM.TO,error,,,,,
DCP.TO,DESJARDINS CDN PREF SHARE IDX E,,,,,
DCS.TO,DESJARDINS CDN SHORT TERM BD ID,,,,,
DCU.TO,DESJARDINS CDN UNIVERSE BOND IN,,,,,
DF.TO,error,,,,,
DF.PR.A.TO,error,,,,,
DFC.TO,DESJARDINS CDA MULTIFACTOR CTRL,,,,,
DFD.TO,DESJARDINS DEV XUS XCDA MLTIFAC,,,,,
DFE.TO,DESJARDINS EMG MKTS MF CTRL VOL,,,,,
DFN.TO,error,,,,,
DFN.PR.A.TO,error,,,,,
DFU.TO,DESJARDINS USA MULTIFACTOR CTRL,,,,,
DGR.TO,CI WISDOMTREE US QTY DIV GWTH I,,,,,
DGR.B.TO,error,,,,,
DGRC.TO,CI WISDOMTREE CDN QLTY DIV GRTH,,,,,
DGS.TO,error,,,,,
DGS.PR.A.TO,error,,,,,
DIAM.TO,error,,,,,
DII.A.TO,error,,,,,
DII.B.TO,error,,,,,
DIR.UN.TO,error,,,,,
DISC.TO,BMO GLB CONSUMER DISC HGD TO CA,,,,,
DIV.TO,DIVERSIFIED ROYALTY CORP,Industrials,Conglomerates,Canada,302969984,38
DIV.DB.TO,error,,,,,
DIVS.TO,EVOLVE ACTIVE CDN PREF SHARE FU,,,,,
DLR.TO,HORIZONS US DOLLAR CURRENCY ETF,,,,,
DLR.U.TO,error,,,,,
DML.TO,DENISON MINES CORP.,Energy,Uranium,Canada,1054055680,
DN.TO,error,,,,,
DN.DB.TO,error,,,,,
DN.WT.A.TO,error,,,,,
DND.TO,DYE AND DURHAM LIMITED,Technology,Software—Infrastructure,Canada,2943471360,
DNG.TO,DYNACOR GOLD MINES INC,Basic Materials,Gold,Canada,94138448,390
DNT.TO,error,,,,,
DOL.TO,DOLLARAMA INC,Consumer Defensive,Discount Stores,Canada,17772036096,
DOO.TO,BRP INC,Consumer Cyclical,Recreational Vehicles,Canada,9474179072,14500
DPM.TO,DUNDEE PRECIOUS METALS INC.,Basic Materials,Gold,Canada,1606363520,
DQD.TO,CI WISDOMTREE US QTY DIV GTH VA,,,,,
DQI.TO,CI WISDOMTREE INT QTY DIV GTH V,,,,,
DR.TO,MEDICAL FACILITIES CORP,Healthcare,Medical Care Facilities,Canada,227387056,
DRA.UN.TO,error,,,,,
DRCU.TO,DESJARDINS RI ACTIVE CDN BND LO,,,,,
DRFC.TO,DESJARDINS RI CDA MULTI LOW CO2,,,,,
DRFD.TO,DESJARDINS RI DEV EX USA EX CDA,,,,,
DRFG.TO,DESJARDINS GBL FOSSIL FUEL RES ,,,,,
DRFU.TO,DESJARDINS RI USA MULTI LOW CO2,,,,,
DRM.TO,DREAM UNLIMITED CORP,Real Estate,Real Estate—Development,Canada,1032122880,
DRMC.TO,DESJARDINS RI CDA LOW CO2 INDEX,,,,,
DRMD.TO,DESJARDINS RI DEV EXUSA EXCA LO,,,,,
DRMU.TO,DESJARDINS RI USA LOW CO2 INDEX,,,,,
DRT.TO,DIRTT ENVIRONMENTAL SOLUTIONS L,Industrials,Engineering & Construction,Canada,355661856,993
DRX.TO,error,,,,,
DS.TO,error,,,,,
DSG.TO,DESCARTES SYS,Technology,Software—Application,Canada,6645374464,
DXB.TO,DYNAMIC ACTIVE TACTICAL BOND ET,,,,,
DXC.TO,DYNAMIC ACTIVE CANADIAN DIVIDEN,,,,,
DXF.TO,DYNAMIC ACTIVE GLOBAL FIN SERVI,,,,,
DXG.TO,DYNAMIC ACTIVE GLOBAL DIVIDEND ,,,,,
DXM.TO,CI FA MORNINGSTAR CDA DIV TGT 3,,,,,
DXN.TO,DYNAMIC ACTIVE GLOBAL INFRASTRU,,,,,
DXO.TO,DYNAMIC ACTIVE CROSSOVER BOND E,,,,,
DXP.TO,DYNAMIC ACTIVE PREFERRED SHARES,,,,,
DXT.TO,DEXTERRA GROUP INC,Industrials,Engineering & Construction,Canada,389862720,6063
DXU.TO,DYNAMIC ACTIVE US DIVIDEND ETF,,,,,
DXV.TO,DYNAMIC ACTIVE INVST GRD FLTING,,,,,
DXW.TO,DYNAMIC ACTIVE INTL DIVIDEND ET,,,,,
DXZ.TO,DYNAMIC ACTIVE US MID CAP ETF,,,,,
DYA.TO,DYNACERT INC,Industrials,Specialty Industrial Machinery,Canada,184549280,42
DYA.WT.TO,error,,,,,
E.TO,error,,,,,
EARN.TO,EVOLVE ACTIVE GLOBAL FIXED INCO,,,,,
ECN.TO,ECN CAPITAL CORP,Financial Services,Credit Services,United States,2015009536,600
ECN.DB.TO,error,,,,,
ECN.PR.A.TO,error,,,,,
ECN.PR.C.TO,error,,,,,
ECO.TO,ECOSYNTHETIX INC,Basic Materials,Specialty Chemicals,Canada,259417408,25
EDGE.TO,EVOLVE INNOVATION INDEX FUND,,,,,
EDGF.TO,BROMPTON EUROPEAN DIV GROWTH ET,,,,,
EDR.TO,ENDEAVOUR SILVER CORP.,Basic Materials,Silver,Canada,1061022272,1115
EDT.TO,error,,,,,
EDV.TO,ENDEAVOUR MINING CORP,Basic Materials,Gold,United Kingdom,6461986816,
EFH.TO,error,,,,,
EFL.TO,error,,,,,
EFN.TO,ELEMENT FLEET MANAGEMENT CORP,Industrials,Rental & Leasing Services,Canada,6572139520,2500
EFN.DB.B.TO,error,,,,,
EFN.PR.A.TO,error,,,,,
EFN.PR.C.TO,error,,,,,
EFN.PR.E.TO,error,,,,,
EFN.PR.I.TO,error,,,,,
EFR.TO,ENERGY FUELS INC.,Energy,Uranium,United States,957838528,94
EFR.WT.TO,error,,,,,
EFX.TO,ENERFLEX LTD,Energy,Oil & Gas Equipment & Services,Canada,735366144,2000
EGIF.TO,EXEMPLAR GROWTH AND INCOME FUND,,,,,
EGLX.TO,ENTHUSIAST GAMING HOLDINGS INC,Communication Services,Electronic Gaming & Multimedia,Canada,1212190080,
EHE.TO,CI WISDOMTREE EUROPE HEDGED EQT,,,,,
EHE.B.TO,error,,,,,
EIF.TO,EXCHANGE INCOME CORPORATION,Industrials,Airlines,Canada,1448234752,
EIF.DB.H.TO,error,,,,,
EIF.DB.I.TO,error,,,,,
EIF.DB.J.TO,error,,,,,
EIF.DB.K.TO,error,,,,,
EIT.PR.A.TO,error,,,,,
EIT.PR.B.TO,error,,,,,
EIT.UN.TO,error,,,,,
ELD.TO,ELDORADO GOLD CORPORATION,Basic Materials,Gold,Canada,2196247552,
ELEF.TO,error,,,,,
ELF.TO,error,,,,,
ELF.PR.F.TO,error,,,,,
ELF.PR.G.TO,error,,,,,
ELF.PR.H.TO,error,,,,,
ELR.TO,EASTERN PLATINUM LIMITED,Basic Materials,Other Precious Metals & Mining,Canada,48791552,
ELV.TO,INVESCO SP EMG MKTS LOW VOL IDX,,,,,
EMA.TO,EMERA INCORPORATED,Utilities,Utilities—Regulated Electric,Canada,14151647232,
EMA.PR.A.TO,error,,,,,
EMA.PR.B.TO,error,,,,,
EMA.PR.C.TO,error,,,,,
EMA.PR.E.TO,error,,,,,
EMA.PR.F.TO,error,,,,,
EMA.PR.H.TO,error,,,,,
EML.PR.A.TO,error,,,,,
EMP.A.TO,error,,,,,
EMV.B.TO,error,,,,,
ENB.TO,ENBRIDGE INC,Energy,Oil & Gas Midstream,Canada,96031326208,11200
ENB.PF.A.TO,error,,,,,
ENB.PF.C.TO,error,,,,,
ENB.PF.E.TO,error,,,,,
ENB.PF.G.TO,error,,,,,
ENB.PF.I.TO,error,,,,,
ENB.PF.K.TO,error,,,,,
ENB.PF.U.TO,error,,,,,
ENB.PF.V.TO,error,,,,,
ENB.PR.A.TO,error,,,,,
ENB.PR.B.TO,error,,,,,
ENB.PR.C.TO,error,,,,,
ENB.PR.D.TO,error,,,,,
ENB.PR.F.TO,error,,,,,
ENB.PR.H.TO,error,,,,,
ENB.PR.J.TO,error,,,,,
ENB.PR.N.TO,error,,,,,
ENB.PR.P.TO,error,,,,,
ENB.PR.T.TO,error,,,,,
ENB.PR.U.TO,error,,,,,
ENB.PR.V.TO,error,,,,,
ENB.PR.Y.TO,error,,,,,
ENGH.TO,ENGHOUSE SYSTEMS LIMITED,Technology,Software—Application,Canada,3230389248,1763
ENI.UN.TO,error,,,,,
ENS.TO,error,,,,,
ENS.PR.A.TO,error,,,,,
EOX.TO,error,,,,,
EQB.TO,EQUITABLE GROUP INC,Financial Services,Mortgage Finance,Canada,2251173632,925
EQB.PR.C.TO,error,,,,,
EQL.TO,INVESCO SP 500 EQL WEIGHT IDX E,,,,,
EQL.F.TO,error,,,,,
EQL.U.TO,error,,,,,
EQX.TO,EQUINOX GOLD CORP,Basic Materials,Gold,Canada,2959297024,
EQX.WT.TO,error,,,,,
ERD.TO,ERDENE RESOURCE DEVELOPMENT COR,Basic Materials,Other Industrial Metals & Mining,Canada,92615248,
ERE.UN.TO,error,,,,,
ERF.TO,ENERPLUS CORPORATION,Energy,Oil & Gas E&P,Canada,1471042304,360
ERO.TO,ERO COPPER CORP,Basic Materials,Copper,Canada,2132830592,2457
ESG.TO,INVESCO SP 500 ESG INDEX ETF,,,,,
ESG.F.TO,error,,,,,
ESGA.TO,BMO MSCI CANADA ESG LEADERS IND,,,,,
ESGB.TO,BMO ESG CORPORATE BOND INDEX ET,,,,,
ESGC.TO,INVESCO SP TSX COMPOSITE ESG IN,,,,,
ESGE.TO,BMO MSCI EAFE ESG LEADERS INDEX,,,,,
ESGF.TO,BMO ESG US CORP BND HDGD TO CAD,,,,,
ESGG.TO,BMO MSCI GLOBAL ESG LEADERS IND,,,,,
ESGY.TO,BMO MSCI USA ESG LEADERS INDEX ,,,,,
ESI.TO,ENSIGN ENERGY SERVICES INC.,Energy,Oil & Gas Drilling,Canada,184324480,2930
ESM.TO,EURO SUN MINING INC,Basic Materials,Gold,Canada,62807872,
ESN.TO,error,,,,,
ET.TO,EVERTZ TECHNOLOGIES LIMITED,Technology,Communication Equipment,Canada,1176305408,
ETG.TO,error,,,,,
ETHI.TO,HORIZONS GLOBAL SUSTAIN LEADERS,,,,,
ETP.TO,FIRST TRUST GLOBAL RISK MANAGED,,,,,
ETX.TO,error,,,,,
EUR.TO,FIRST TRUST ALPHADEX EURO DIV I,,,,,
EVT.TO,error,,,,,
EXE.TO,EXTENDICARE INC,Healthcare,Medical Care Facilities,Canada,699300416,23000
EXE.DB.C.TO,error,,,,,
EXF.TO,EXFO INC,Technology,Communication Equipment,Canada,261986224,1814
EXN.TO,EXCELLON RESOURCES INC.,Basic Materials,Other Industrial Metals & Mining,Canada,106827928,
EXN.WT.TO,error,,,,,
FAF.TO,FIRE AND FLOWER HOLDINGS CORP,Healthcare,Pharmaceutical Retailers,Canada,369972992,
FAH.U.TO,error,,,,,
FAI.TO,CI ACTIVE UTILITY INFRASTRUCTUR,,,,,
FAO.TO,CI ACTIVE CREDIT ETF,,,,,
FAP.TO,error,,,,,
FAR.TO,error,,,,,
FBE.TO,CI FA CANADIAN BUYBACK INDEX ET,,,,,
FBU.TO,CI FA US BUYBACK INDEX ETF,,,,,
FC.TO,FIRM CAPITAL MORTGAGE INV. CORP,Financial Services,Mortgage Finance,Canada,448460128,
FC.DB.E.TO,error,,,,,
FC.DB.F.TO,error,,,,,
FC.DB.G.TO,error,,,,,
FC.DB.H.TO,error,,,,,
FC.DB.I.TO,error,,,,,
FC.DB.J.TO,error,,,,,
FCCB.TO,FIDELITY SYSTEMATIC CDN BOND IN,,,,,
FCCD.TO,FIDELITY CDN HIGH DIV INDEX ETF,,,,,
FCCL.TO,FIDELITY CANADIAN LOW VOL INDEX,,,,,
FCCM.TO,FIDELITY CANADIAN MOMENTUM INDE,,,,,
FCCQ.TO,FIDELITY CANADIAN HIGH QUALITY ,,,,,
FCCV.TO,FIDELITY CANADIAN VALUE INDEX E,,,,,
FCGB.TO,FIDELITY GLOBAL CORE PLUS BOND ,,,,,
FCGI.TO,FIDELITY GLBL MONTHLY HIGH INCO,,,,,
FCHH.TO,FIDELITY SYSTEMATIC US HI YLD B,,,,,
FCHY.TO,FIDELITY SYSTEMATIC US HIGH YLD,,,,,
FCID.TO,FIDELITY INTL HIGH DIVIDEND IND,,,,,
FCIG.TO,FIDELITY GLOBAL INVESTMENT GRAD,,,,,
FCIL.TO,FIDELITY INTL LOW VOL INDEX ETF,,,,,
FCIM.TO,FIDELITY INTERNATIONAL MOMENTUM,,,,,
FCIQ.TO,FIDELITY INTL HIGH QUALITY INDE,,,,,
FCIV.TO,FIDELITY INTERNATIONAL VALUE IN,,,,,
FCLH.TO,FIDELITY US LOW VOL CUR NTRL IN,,,,,
FCMH.TO,FIDELITY US MOMENTUM CUR NEUT I,,,,,
FCMI.TO,FIDELITY CDN MONTHLY HIGH INCOM,,,,,
FCMO.TO,FIDELITY US MOMENTUM INDEX ETF,,,,,
FCQH.TO,FIDELITY US HIGH QLTY CUR NTRL ,,,,,
FCR.UN.TO,error,,,,,
FCRH.TO,FIDELITY US DIV RISING RATES CU,,,,,
FCRR.TO,FIDELITY US DIV FOR RISING RATE,,,,,
FCSB.TO,FIDELITY CANADIAN SHORT TERM CO,,,,,
FCU.TO,FISSION URANIUM CORP,Energy,Uranium,Canada,398621280,11
FCUD.TO,FIDELITY US HIGH DIV INDEX ETF,,,,,
FCUH.TO,FIDELITY US HIGH DIV CUR NEU ID,,,,,
FCUL.TO,FIDELITY US LOW VOL INDEX ETF,,,,,
FCUQ.TO,FIDELITY US HIGH QUALITY INDEX ,,,,,
FCUV.TO,FIDELITY US VALUE INDEX ETF,,,,,
FCVH.TO,FIDELITY US VALUE CURRENCY NEUT,,,,,
FDE.TO,FIRST TRUST ALPHADEX EMG MKT DI,,,,,
FDV.TO,CI ACTIVE CDN DIVIDEND ETF,,,,,
FEBB.F.TO,error,,,,,
FEC.TO,FRONTERA ENERGY CORPORATION,Energy,Oil & Gas E&P,Canada,615986432,1092
FF.TO,FIRST MINING GOLD CORP,Basic Materials,Gold,Canada,233567360,21
FFH.TO,FAIRFAX FINANCIAL HOLDINGS LTD.,Financial Services,Insurance—Property & Casualty,Canada,15047873536,15196
FFH.PR.C.TO,error,,,,,
FFH.PR.D.TO,error,,,,,
FFH.PR.E.TO,error,,,,,
FFH.PR.F.TO,error,,,,,
FFH.PR.G.TO,error,,,,,
FFH.PR.H.TO,error,,,,,
FFH.PR.I.TO,error,,,,,
FFH.PR.J.TO,error,,,,,
FFH.PR.K.TO,error,,,,,
FFH.PR.M.TO,error,,,,,
FFH.U.TO,error,,,,,
FFI.UN.TO,error,,,,,
FFN.TO,error,,,,,
FFN.PR.A.TO,error,,,,,
FGB.TO,CI SHORT TERM GOVT BOND CLASS E,,,,,
FGGE.TO,FRANKLIN GLOBAL GROWTH ACTIVE E,,,,,
FGO.TO,CI ENHANCED GOVT BOND ETF,,,,,
FGO.U.TO,error,,,,,
FHB.TO,CI FA EUROPEAN BANK ETF,,,,,
FHC.TO,FIRST TRUST ALPHADEX US CONSMR ,,,,,
FHC.F.TO,error,,,,,
FHD.TO,FIRST TRUST ALPHADEX US CNSMR D,,,,,
FHE.TO,FIRST TRUST ALPHADEX US ENERGY ,,,,,
FHF.TO,FIRST TRUST ALPHADEX US FINANCI,,,,,
FHG.TO,FIRST TRUST ALPHADEX US INDUSTR,,,,,
FHH.TO,FIRST TRUST ALPHADEX US HEALTH ,,,,,
FHH.F.TO,error,,,,,
FHI.TO,CI HLTH CARE GIANT COV CALL ETF,,,,,
FHI.B.TO,error,,,,,
FHM.TO,FIRST TRUST ALPHADEX US MATERIA,,,,,
FHQ.TO,FIRST TRUST ALPHADEX US TECHNOL,,,,,
FIE.TO,ISHARES CDN FIN MTHLY INCOME ET,,,,,
FIG.TO,CI INVESTMENT GRADE BOND ETF,,,,,
FIG.U.TO,error,,,,,
FIH.U.TO,error,,,,,
FINT.TO,FIRST TRUST INTL CAPITAL STRENG,,,,,
FIRE.TO,THE SUPREME CANNABIS COMPANY IN,Healthcare,Drug Manufacturers—Specialty & Generic,Canada,271834560,400
FIRE.DB.TO,error,,,,,
FLAM.TO,FRANKLIN FTSE US INDEX ETF,,,,,
FLB.TO,CI FA LONG DUR FIXED INC ETF,,,,,
FLBA.TO,error,,,,,
FLCD.TO,FRANKLIN FTSE CANADA ALL CAP IN,,,,,
FLCI.TO,FRANKLIN LIBERTY CDN INVEST GRD,,,,,
FLCP.TO,error,,,,,
FLDM.TO,FRANKLIN LIBERTYQT INTL EQT IND,,,,,
FLEM.TO,FRANKLIN LIBERTYQT EMERGING MKT,,,,,
FLGA.TO,error,,,,,
FLGD.TO,error,,,,,
FLI.TO,error,,,,,
FLJA.TO,error,,,,,
FLOT.TO,PURPOSE FLOATING RATE INCOME FU,,,,,
FLOT.U.TO,error,,,,,
FLRM.TO,FRANKLIN LIBERTY RISK MNGD CDN ,,,,,
FLSD.TO,error,,,,,
FLUI.TO,FRANKLIN LIBERTY US INVEST GRD ,,,,,
FLUR.TO,FRANKLIN FTSE EUROPE EX UK INDE,,,,,
FLUS.TO,FRANKLIN LIBERTYQT US EQT INDEX,,,,,
FM.TO,FIRST QUANTUM MINERALS LTD,Basic Materials,Copper,Canada,19494694912,
FN.TO,FIRST NATIONAL FINANCIAL CORP.,Financial Services,Mortgage Finance,Canada,3091919104,1340
FN.PR.A.TO,error,,,,,
FN.PR.B.TO,error,,,,,
FNV.TO,error,,,,,
FOOD.TO,GOODFOOD MARKET CORP,,,,575964352,
FOOD.DB.TO,error,,,,,
FOUR.TO,delisted,,,,,
FPR.TO,error,,,,,
FQC.TO,error,,,,,
FR.TO,delisted,,,,,
FRII.TO,error,,,,,
FRL.UN.TO,error,,,,,
FRU.TO,FREEHOLD ROYALTIES LTD.,Energy,Oil & Gas E&P,Canada,1058051776,
FRX.TO,FENNEC PHARMACEUTICALS INC,Healthcare,Biotechnology,United States,199962304,9
FSB.TO,CI ENHANCED SH DUR BOND FUND,,,,,
FSB.U.TO,error,,,,,
FSF.TO,CI GLOBAL FINANCIAL SECTOR ETF,,,,,
FSL.TO,FIRST TRUST SENIOR LOAN ETF,,,,,
FSL.A.TO,error,,,,,
FSR.TO,FIRST TRUST DW US SCTR RTN IDX ,,,,,
FST.TO,FIRST TRUST CDN CAPITAL STRENGT,,,,,
FST.A.TO,error,,,,,
FSV.TO,FIRSTSERVICE CORPORATION,Real Estate,Real Estate Services,Canada,8747843584,24000
FSY.TO,error,,,,,
FSZ.TO,FIERA CAPITAL CORP,Financial Services,Asset Management,Canada,1131497856,840
FSZ.DB.TO,error,,,,,
FSZ.DB.A.TO,error,,,,,
FT.TO,error,,,,,
FTB.TO,FIRST TRUST TACTICAL BOND INDEX,,,,,
FTG.TO,FIRAN TECHNOLOGY GROUP CORP.,Industrials,Aerospace & Defense,Canada,53390816,486
FTN.TO,error,,,,,
FTN.PR.A.TO,error,,,,,
FTS.TO,FORTIS INC,Utilities,Utilities—Regulated Electric,Canada,25714997248,8961
FTS.PR.F.TO,error,,,,,
FTS.PR.G.TO,error,,,,,
FTS.PR.H.TO,error,,,,,
FTS.PR.I.TO,error,,,,,
FTS.PR.J.TO,error,,,,,
FTS.PR.K.TO,error,,,,,
FTS.PR.M.TO,error,,,,,
FTT.TO,FINNING INTL,Industrials,Industrial Distribution,Canada,5185803264,
FTU.TO,error,,,,,
FTU.PR.B.TO,error,,,,,
FUD.TO,FIRST TRUST VALUE LINE DIV IDX ,,,,,
FUD.A.TO,error,,,,,
FURY.TO,FURY GOLD MINES LIMITED,Basic Materials,Other Industrial Metals & Mining,Canada,180287552,
FVI.TO,FORTUNA SILVER MINES INC,Basic Materials,Silver,Canada,1363050368,
FVI.DB.U.TO,error,,,,,
FVL.TO,error,,,,,
FXC.TO,error,,,,,
FXC.WT.TO,error,,,,,
FXM.TO,error,,,,,
GATO.TO,GATOS SILVER INC,Basic Materials,Other Precious Metals & Mining,United States,843880896,21
GAU.TO,GALIANO GOLD INC,Basic Materials,Gold,Canada,354809568,
GBAL.TO,error,,,,,
GBT.TO,delisted,,,,,
GC.TO,GREAT CANADIAN GAMING CORPORATI,Consumer Cyclical,Gambling,Canada,2486305280,7900
GC.DB.TO,error,,,,,
GCG.TO,error,,,,,
GCG.A.TO,error,,,,,
GCL.TO,error,,,,,
GCL.DB.A.TO,error,,,,,
GCM.TO,GRAN COLOMBIA GOLD CORP.,Basic Materials,Gold,Canada,314278624,1803
GCM.NT.U.TO,error,,,,,
GCM.WT.B.TO,error,,,,,
GCNS.TO,iSHARES ESG CONSERVATIVE BALANC,,,,,
GCT.C.TO,error,,,,,
GDC.TO,delisted,,,,,
GDEP.TO,GUARDIAN DIRECTED EQUITY PATH E,,,,,
GDEP.B.TO,error,,,,,
GDG.UN.TO,error,,,,,
GDI.TO,GDI INTEGRATED FACILITY SERVICE,Industrials,Specialty Business Services,Canada,1318715520,
GDL.TO,GOODFELLOW INC,Basic Materials,Lumber & Wood Production,Canada,94188048,673
GDPY.TO,GUARDIAN DIRECTED PREMIUM YIELD,,,,,
GDPY.B.TO,error,,,,,
GDV.TO,error,,,,,
GDV.PR.A.TO,error,,,,,
GEC.UN.TO,error,,,,,
GEI.TO,delisted,,,,,
GEI.DB.TO,error,,,,,
GENM.TO,GENERATION MINING LIMITED,Basic Materials,Other Industrial Metals & Mining,Canada,119489048,
GEO.TO,GEODRILL LIMITED,Basic Materials,Other Industrial Metals & Mining,Isle of Man,79756376,
GEQT.TO,iSHARES ESG EQUITY ETF,,,,,
GFL.TO,GFL ENVIRONMENTAL INC,Industrials,Waste Management,Canada,13209480192,15475
GGA.TO,error,,,,,
GGD.TO,GOGOLD RESOURCES INC,Basic Materials,Other Precious Metals & Mining,Canada,688476352,
GGRO.TO,iSHARES ESG GROWTH ETF,,,,,
GH.TO,GAMEHOST INC.,Consumer Cyclical,Resorts & Casinos,Canada,165430000,50
GIB.A.TO,error,,,,,
GIGR.TO,GUARDIAN i3 GLOBAL REIT ETF,,,,,
GIGR.B.TO,error,,,,,
GIL.TO,GILDAN ACTIVEWEAR INC.,Consumer Cyclical,Apparel Manufacturing,Canada,8464725504,44000
GIQG.TO,GUARDIAN i3 GLOBAL QUALITY GROW,,,,,
GIQG.B.TO,error,,,,,
GIQU.TO,GUARDIAN i3 US QUALITY GROWTH E,,,,,
GIQU.B.TO,error,,,,,
GLG.TO,error,,,,,
GLO.TO,GLOBAL ATOMIC CORPORATION,Basic Materials,Other Industrial Metals & Mining,Canada,466355520,
GLXY.TO,GALAXY DIGITAL HOLDINGS LTD,Financial Services,Capital Markets,United States,3260655360,134
GMO.TO,"GENERAL MOLY, INC.",Basic Materials,Industrial Metals & Minerals,United States,5891879,12
GMP.TO,error,,,,,
GMP.PR.B.TO,error,,,,,
GMP.PR.C.TO,error,,,,,
GMX.TO,error,,,,,
GOLD.TO,GOLDMINING INC,Basic Materials,Gold,Canada,294536704,25
GOOS.TO,CANADA GOOSE HOLDINGS INC,Consumer Cyclical,Apparel Manufacturing,Canada,5730955776,1219
GPR.TO,GREAT PANTHER MINING LIMITED,Basic Materials,Other Industrial Metals & Mining,Canada,337316512,
GRC.TO,error,,,,,
GRT.UN.TO,error,,,,,
GSC.TO,GOLDEN STAR RESOURCES LTD,Basic Materials,Gold,Canada,468631936,
GSV.TO,GOLD STANDARD VENTURES CORP,Basic Materials,Gold,Canada,253807952,18
GSY.TO,GOEASY LTD,Financial Services,Credit Services,Canada,2152361472,
GTE.TO,GRAN TIERRA ENERGY INC.,Energy,Oil & Gas E&P,Canada,300925248,322
GTMS.TO,error,,,,,
GUD.TO,KNIGHT THERAPEUTICS INC,Healthcare,Drug Manufacturers—Specialty & Generic,Canada,695325632,679
GURU.TO,GURU ORGANIC ENERGY CORP,Consumer Defensive,Packaged Foods,Canada,474964256,50
GVC.TO,GLACIER MEDIA INC,Communication Services,Publishing,Canada,62395320,
GWO.TO,GREAT-WEST LIFECO INC,Financial Services,Insurance—Life,Canada,33071816704,24500
GWO.PR.F.TO,error,,,,,
GWO.PR.G.TO,error,,,,,
GWO.PR.H.TO,error,,,,,
GWO.PR.I.TO,error,,,,,
GWO.PR.L.TO,error,,,,,
GWO.PR.M.TO,error,,,,,
GWO.PR.N.TO,error,,,,,
GWO.PR.O.TO,error,,,,,
GWO.PR.P.TO,error,,,,,
GWO.PR.Q.TO,error,,,,,
GWO.PR.R.TO,error,,,,,
GWO.PR.S.TO,error,,,,,
GWO.PR.T.TO,error,,,,,
GWR.TO,GLOBAL WATER RESOURCES INC,Utilities,Utilities—Regulated Water,United States,469696480,79
GXE.TO,GEAR ENERGY LTD,Energy,Oil & Gas E&P,Canada,127758792,
H.TO,HYDRO ONE LIMITED,Utilities,Utilities—Regulated Electric,Canada,17611626496,5950
HAB.TO,HORIZONS ACTIVE CORPORATE BOND ,,,,,
HAC.TO,HORIZONS SEASONAL ROTATION ETF,,,,,
HAD.TO,HORIZONS ACTIVE CDN BOND ETF,,,,,
HAF.TO,delisted,,,,,
HAJ.TO,HORIZONS ACTIVE EMERGING MKTS D,,,,,
HAL.TO,HORIZONS ACTIVE CDN DIVIDEND ET,,,,,
HARC.TO,HORIZONS ABS RETURN GLOBAL CURR,,,,,
HAU.TO,error,,,,,
HAZ.TO,HORIZONS ACTIVE GLOBAL DIVIDEND,,,,,
HBA.TO,HAMILTON AUSTRALIAN BANK EQL WG,,,,,
HBAL.TO,HORIZONS BALANCED TRI ETF,,,,,
HBB.TO,HORIZONS CDN SELECT UNIVERSE BO,,,,,
HBD.TO,BETAPRO GOLD BULLION 2X DAILY B,,,,,
HBF.TO,HARVEST BRAND LEADERS PLUS INC ,,,,,
HBF.B.TO,error,,,,,
HBF.U.TO,error,,,,,
HBGD.TO,HORIZONS BIG DATA HARDWARE IDX ,,,,,
HBGD.U.TO,error,,,,,
HBL.UN.TO,error,,,,,
HBLK.TO,BLOCKCHAIN TECHNOLOGIES ETF,,,,,
HBM.TO,HUDBAY MINERALS INC.,Basic Materials,Copper,Canada,2399835648,
HBP.TO,error,,,,,
HBU.TO,BETAPRO GOLD BULLION 2X DAILY B,,,,,
HCA.TO,HAMILTON CDN BANK MEAN REVERSIO,,,,,
HCAL.TO,HAMILTON ENHANCED CANADIAN BANK,,,,,
HCG.TO,HOME CAPITAL GROUP INC.,Financial Services,Mortgage Finance,Canada,1695575168,755
HCN.TO,HORIZONS CHINA HIGH DIVIDEND YI,,,,,
HCON.TO,HORIZONS CONSERVATIVE TRI ETF,,,,,
HCRE.TO,HORIZONS EQL WGHT CAN REIT INDE,,,,,
HDGE.TO,ACCELERATE ABSOLUTE RETURN HDG ,,,,,
HDI.TO,HARDWOODS DISTRIBUTION INC,Industrials,Industrial Distribution,Canada,754922944,1329
HE.TO,error,,,,,
HEA.TO,HORIZONS ENHD INCOME US EQUITY ,,,,,
HEA.U.TO,error,,,,,
HED.TO,BETAPRO SP TSX CAP ENGY 2X DLY ,,,,,
HEE.TO,HORIZONS ENHANCED INCOME ENERGY,,,,,
HEF.TO,HORIZONS ENHANCED INCOME FIN ET,,,,,
HEJ.TO,HORIZONS ENHD INC INTL EQUITY E,,,,,
HEMB.TO,HORIZONS ACTIVE EMERGING MKTS B,,,,,
HEP.TO,HORIZONS ENHANCED INCOME GOLD P,,,,,
HERO.TO,EVOLVE E GAMING INDEX ETF,,,,,
HEU.TO,BETAPRO SP TSX CAP ENGY 2X DLY ,,,,,
HEWB.TO,HORIZONS EQL WGHT CAN BANKS IND,,,,,
HEX.TO,HORIZONS ENHANCED INCOME EQUITY,,,,,
HEXO.TO,HEXO CORP,Healthcare,Drug Manufacturers—Specialty & Generic,Canada,1007236736,
HFD.TO,BETAPRO SP TSX CAP FNCL 2X DLY ,,,,,
HFG.TO,HAMILTON GLOBAL FINANCIALS ETF,,,,,
HFP.TO,HORIZONS ACTIVE FLT RATE PREF E,,,,,
HFR.TO,HORIZNS ACT ULTRASHORT TERM BND,,,,,
HFT.TO,HAMILTON FINANCIALS INNOVATION ,,,,,
HFU.TO,BETAPRO SP TSX CAP FNCL 2X DLY ,,,,,
HGD.TO,BETAPRO CDN GOLD MINERS 2X DLY ,,,,,
HGGG.TO,HARVEST GLOBAL GOLD GIANTS INDE,,,,,
HGI.UN.TO,error,,,,,
HGM.TO,HORIZONS MANAGED GLOBAL OPPT ET,,,,,
HGR.TO,HARVEST GLOBAL REIT LEADERS INC,,,,,
HGRO.TO,HORIZONS GROWTH TRI ETF,,,,,
HGU.TO,error,,,,,
HGY.TO,HORIZONS GOLD YIELD ETF,,,,,
HHF.TO,HORIZONS MORNINGSTAR HDG FD IDX,,,,,
HHL.TO,HARVEST HEALTHCARE LEADERS INC ,,,,,
HHL.B.TO,error,,,,,
HHL.U.TO,error,,,,,
HIG.TO,BROMPTON GLOBAL HEALTH INCOME G,,,,,
HII.TO,HORIZONS CDN INSIDER INDEX ETF,,,,,
HIU.TO,BETAPRO SP500 DAILY INVERSE ETF,,,,,
HIX.TO,BETAPRO SP TSX 60 DAILY INVERSE,,,,,
HLF.TO,HIGH LINER,Consumer Defensive,Packaged Foods,Canada,444202240,
HLPR.TO,HORIZONS LADDERED CDN PREF INDE,,,,,
HLS.TO,HLS THERAPEUTICS INC,Healthcare,Drug Manufacturers—Specialty & Generic,Canada,618945728,88
HMJI.TO,BETAPRO MARIJUANA COS INVERSE E,,,,,
HMJU.TO,BETAPRO MARIJUANA COS 2X DAILY ,,,,,
HMM.A.TO,error,,,,,
HMMJ.TO,HORIZONS MARIJUANA LIFE SCIENCE,,,,,
HMMJ.U.TO,error,,,,,
HMP.TO,HORIZONS ACTIVE CDN MUNICIPAL B,,,,,
HND.TO,error,,,,,
HNL.TO,error,,,,,
HNU.TO,error,,,,,
HNY.TO,HORIZONS NATURAL GAS YIELD ETF,,,,,
HOD.TO,BETAPRO CRUDE OIL INV LVGD DLY ,,,,,
HOG.TO,HORIZONS PIPELINE ENERGY SERVIC,,,,,
HOM.DB.U.TO,error,,,,,
HOM.U.TO,error,,,,,
HOM.UN.TO,error,,,,,
HOT.DB.U.TO,error,,,,,
HOT.U.TO,error,,,,,
HOT.UN.TO,error,,,,,
HOU.TO,error,,,,,
HPF.TO,HARVEST ENERGY LEADERS PLUS INC,,,,,
HPF.U.TO,error,,,,,
HPR.TO,HORIZONS ACTIVE PREFERRED SHARE,,,,,
HPS.A.TO,error,,,,,
HQD.TO,BETAPRO NASDAQ 100 2X DAILY BEA,,,,,
HQD.U.TO,error,,,,,
HQU.TO,BETAPRO NASDAQ 100 2X DAILY BUL,,,,,
HR.UN.TO,error,,,,,
HRAA.TO,HORIZONS RESOLVE ADPTV ASSET AL,,,,,
HRR.UN.TO,error,,,,,
HRT.TO,error,,,,,
HRX.TO,HEROUX-DEVTEK,Industrials,Aerospace & Defense,Canada,600306304,2100
HSAV.TO,HORIZONS CASH MAXIMIZER ETF,,,,,
HSD.TO,BETAPRO SP500 2X DAILY BEAR ETF,,,,,
HSE.TO,error,,,,,
HSE.PR.A.TO,error,,,,,
HSE.PR.B.TO,error,,,,,
HSE.PR.C.TO,error,,,,,
HSE.PR.E.TO,error,,,,,
HSE.PR.G.TO,error,,,,,
HSH.TO,HORIZONS SP500 CAD HEDGED INDEX,,,,,
HSL.TO,HORIZONS ACTIVE FLOAT RATE SEN ,,,,,
HSM.TO,HELIUS MEDICAL TECHNOLOGIES INC,Healthcare,Medical Devices,United States,48269360,19
HSU.TO,BETAPRO SP500 2X DAILY BULL ETF,,,,,
HSUV.U.TO,error,,,,,
HTA.TO,HARVEST TECH ACHIEVERS GROWTH I,,,,,
HTA.B.TO,error,,,,,
HTA.U.TO,error,,,,,
HTB.TO,HORIZONS US 7 TO 10 YR TREASURY,,,,,
HTB.U.TO,error,,,,,
HTH.TO,HORIZONS US 7 10 YR TREAS BD CA,,,,,
HUBL.TO,HARVEST US BANK LEADERS INCOME ,,,,,
HUBL.U.TO,error,,,,,
HUC.TO,HORIZONS CRUDE OIL ETF,,,,,
HUF.U.TO,error,,,,,
HUG.TO,HORIZONS GOLD ETF,,,,,
HUIB.TO,HARVEST US INVESTMENT GRADE BND,,,,,
HUL.TO,HARVEST US EQUITY PLUS INC ETF,,,,,
HUL.U.TO,error,,,,,
HULC.TO,HORIZONS US LARGE CAP INDEX ETF,,,,,
HULC.U.TO,error,,,,,
HUM.TO,HAMILTON US MID SMALL CAP FINAN,,,,,
HUM.U.TO,error,,,,,
HUN.TO,HORIZONS NATURAL GAS ETF,,,,,
HURA.TO,HORIZONS GLOBAL URANIUM INDEX E,,,,,
HUT.TO,HUT 8 MINING CORP,Financial Services,Capital Markets,Canada,766544576,30
HUT.WT.TO,error,,,,,
HUTL.TO,HARVEST EQL WGHT GLB UTIL INCOM,,,,,
HUV.TO,BETAPRO SP500 VIX ST FTRS ETF,,,,,
HUZ.TO,HORIZONS SILVER ETF,,,,,
HWF.TO,MIDDLEFIELD HEALTH WELLNESS ETF,,,,,
HWO.TO,HIGH ARCTIC ENERGY SERVICES INC,Energy,Oil & Gas Equipment & Services,Canada,60462028,395
HWX.TO,HEADWATER EXPLORATION INC,Energy,Oil & Gas E&P,Canada,876025920,18
HXCN.TO,HORIZONS SP TSX CAPPED COMP IND,,,,,
HXD.TO,BETAPRO SP TSX 60 2X DAILY BEAR,,,,,
HXDM.TO,HORIZONS INTL DEV MKTS EQUITY I,,,,,
HXDM.U.TO,error,,,,,
HXE.TO,HORIZONS SP TSX CAPPED ENERGY I,,,,,
HXEM.TO,HORIZONS EMERGING MKTS EQUITY I,,,,,
HXF.TO,HORIZONS SP TSX CAPPED FNCL IND,,,,,
HXH.TO,HORIZONS CDN HIGH DIVIDEND INDE,,,,,
HXQ.TO,HORIZONS NASDAQ 100 INDEX ETF,,,,,
HXQ.U.TO,error,,,,,
HXS.TO,HORIZONS SP 500 INDEX ETF,,,,,
HXS.U.TO,error,,,,,
HXT.TO,HORIZONS SP TSX60 INDEX ETF,,,,,
HXT.U.TO,error,,,,,
HXU.TO,BETAPRO SP TSX 60 2X DAILY BULL,,,,,
HXX.TO,HORIZONS EUROPE 50 INDEX ETF,,,,,
HYI.TO,HORIZONS ACTIVE HIGH YIELD BOND,,,,,
HZD.TO,BETAPRO SILVER 2X DAILY BEAR ET,,,,,
HZM.TO,error,,,,,
HZU.TO,BETAPRO SILVER 2X DAILY BULL ET,,,,,
IAF.PR.B.TO,error,,,,,
IAF.PR.G.TO,error,,,,,
IAF.PR.I.TO,error,,,,,
IAG.TO,IA FINANCIAL CORPORATION,Financial Services,Insurance—Diversified,Canada,7410970112,
IBG.TO,IBI GROUP INC.,Industrials,Engineering & Construction,Canada,322967456,3000
IBG.DB.D.TO,error,,,,,
IBG.DB.E.TO,error,,,,,
ICE.TO,error,,,,,
ICPB.TO,IA CLARINGTON CORE PLUS BOND FU,,,,,
IDG.TO,INDIGO BOOKS & MUSIC INC.,Consumer Cyclical,Specialty Retail,Canada,101459280,6000
IDR.TO,MIDDLEFIELD REIT INDEXPLUS ETF,,,,,
IEMB.TO,IA CLARINGTON EMERGING MKTS BON,,,,,
IFA.TO,error,,,,,
IFC.TO,INTACT FINANCIAL CORPORATION,Financial Services,Insurance—Property & Casualty,Canada,23366281216,
IFC.PR.A.TO,error,,,,,
IFC.PR.C.TO,error,,,,,
IFC.PR.D.TO,error,,,,,
IFC.PR.E.TO,error,,,,,
IFC.PR.F.TO,error,,,,,
IFC.PR.G.TO,error,,,,,
IFC.PR.I.TO,error,,,,,
IFP.TO,INTERFOR CORPORATION,Basic Materials,Lumber & Wood Production,Canada,2155050240,2800
IFRF.TO,IA CLARINGTON FLOATING RATE INC,,,,,
IGAF.TO,IA CLARINGTON LOOMIS GLOB ALLOC,,,,,
IGB.TO,PURPOSE GLOBAL BOND CLASS ETF,,,,,
IGCF.TO,PIMCO INVESTMENT GRADE CREDIT F,,,,,
IGLB.TO,IA CLARINGTON GLOBAL BOND FUND,,,,,
IGM.TO,IGM FINANCIAL INC.,Financial Services,Asset Management,Canada,10456954880,
III.TO,IMPERIAL METALS CORP,Basic Materials,Copper,Canada,637488960,
IIP.UN.TO,error,,,,,
ILV.TO,INVESCO SP INTL DEV LOW VOL IDX,,,,,
ILV.F.TO,error,,,,,
IMG.TO,IAMGOLD CORP,Basic Materials,Gold,Canada,1829629312,5222
IMO.TO,IMPERIAL OIL,Energy,Oil & Gas Integrated,Canada,26059732992,5800
IMP.TO,error,,,,,
IMV.TO,IMV INC,Healthcare,Biotechnology,Canada,232248736,77
IN.TO,INMED PHARMACEUTICALS INC,Healthcare,Biotechnology,Canada,37355292,
INC.UN.TO,error,,,,,
INE.TO,INNERGEX RENEWABLE ENERGY INC.,Utilities,Utilities—Renewable,Canada,3666243072,370
INE.DB.B.TO,error,,,,,
INE.DB.C.TO,error,,,,,
INE.PR.A.TO,error,,,,,
INE.PR.C.TO,error,,,,,
INF.UN.TO,error,,,,,
INO.UN.TO,error,,,,,
INOC.TO,HORIZONS INOVESTOR CDN EQUITY I,,,,,
INQ.TO,error,,,,,
INV.TO,INV METALS INC.,Basic Materials,Other Industrial Metals & Mining,Canada,65335692,33
IPCI.TO,error,,,,,
IPCO.TO,INTERNATIONAL PETROLEUM CORPORA,Energy,Oil & Gas E&P,Canada,686093760,
IPL.TO,INTER PIPELINE LTD,Energy,Oil & Gas Midstream,Canada,7691264000,
IPO.TO,error,,,,,
IQD.TO,CI WISDOMTREE INTL QLTY DIV GWT,,,,,
IQD.B.TO,error,,,,,
ISIF.TO,IA CLARINGTION STRATEGIC INCOME,,,,,
ISV.TO,INFORMATION SERVICES CORPORATIO,Industrials,Specialty Business Services,Canada,434000000,400
ITE.TO,error,,,,,
ITH.TO,INTERNATIONAL TOWER HILL MINES ,Basic Materials,Gold,Canada,239736848,3
ITP.TO,INTERTAPE POLYMER,Consumer Cyclical,Packaging & Containers,Canada,1785566720,3600
IVN.TO,IVANHOE MINES LTD,Basic Materials,Other Industrial Metals & Mining,Canada,10455066624,710
IVQ.TO,INVESQUE INC CAD,Healthcare,Medical Care Facilities,Canada,224197664,1567
IVQ.DB.U.TO,error,,,,,
IVQ.DB.V.TO,error,,,,,
IVQ.U.TO,error,,,,,
JAG.TO,JAGUAR MINING INC,Basic Materials,Gold,Canada,499060704,1160
JAPN.TO,CI WISDOMTREE JAPAN EQUITY INDE,,,,,
JAPN.B.TO,error,,,,,
JE.TO,JUST ENERGY GROUP INC,Utilities,Utilities—Diversified,Canada,236546720,880
JFS.UN.TO,error,,,,,
JOSE.TO,JOSEMARIA RESOURCES INC,Basic Materials,Other Industrial Metals & Mining,Canada,272424256,
JOY.TO,error,,,,,
JWEL.TO,JAMIESON WELLNESS INC,Consumer Defensive,Packaged Foods,Canada,1538296576,
K.TO,KINROSS GOLD CORP.,Basic Materials,Gold,Canada,10908168192,
KBL.TO,KBRO LINEN INC.,Industrials,Specialty Business Services,Canada,493272800,2000
KEG.UN.TO,error,,,,,
KEI.TO,error,,,,,
KEL.TO,KELT EXPLORATION LTD,Energy,Oil & Gas E&P,Canada,514823392,67
KER.TO,error,,,,,
KEY.TO,KEYERA CORP,Energy,Oil & Gas Midstream,Canada,6212956672,959
KILO.TO,PURPOSE GOLD BULLION FUND,,,,,
KILO.B.TO,error,,,,,
KILO.U.TO,error,,,,,
KL.TO,KIRKLAND LAKE GOLD LTD,Basic Materials,Gold,Canada,12196447232,
KLS.TO,KELSO TECHNOLOGIES INC,Industrials,Railroads,Canada,54170100,
KMP.UN.TO,error,,,,,
KOR.TO,CORVUS GOLD INC,Basic Materials,Gold,Canada,319566240,2
KPT.TO,KP TISSUE INC,Consumer Defensive,Household & Personal Products,Canada,98395416,
KRN.TO,error,,,,,
KRR.TO,KARORA RESOURCES INC,Basic Materials,Gold,Canada,556751424,210
KRR.WT.TO,error,,,,,
KXS.TO,KINAXIS INC,Technology,Software—Application,Canada,4294198528,
L.TO,LOBLAW CO,Consumer Defensive,Grocery Stores,Canada,23676129280,220000
L.PR.B.TO,error,,,,,
LABS.TO,MEDIPHARM LABS CORP,Healthcare,Drug Manufacturers—Specialty & Generic,Canada,122525144,204
LAC.TO,LITHIUM AMERICAS CORP,Basic Materials,Other Industrial Metals & Mining,Canada,2137693056,350
LAM.TO,LARAMIDE RESOURCES LTD.,Basic Materials,Other Industrial Metals & Mining,Canada,83335504,7
LAS.A.TO,error,,,,,
LB.TO,LAURENTIAN BANK,Financial Services,Banks—Regional,Canada,1845580928,2900
LB.PR.H.TO,error,,,,,
LB.PR.J.TO,error,,,,,
LBS.TO,error,,,,,
LBS.PR.A.TO,error,,,,,
LCS.TO,error,,,,,
LCS.PR.A.TO,error,,,,,
LEAD.TO,EVOLVE FUTURE LEADERSHIP ETF HE,,,,,
LEAD.B.TO,error,,,,,
LEAD.U.TO,error,,,,,
LFE.TO,error,,,,,
LFE.PR.B.TO,error,,,,,
LGD.TO,LIBERTY GOLD CORP,Basic Materials,Gold,Canada,389486016,15
LGO.TO,LARGO RESOURCES LTD,Basic Materials,Other Industrial Metals & Mining,Canada,1375892480,436
LGT.A.TO,error,,,,,
LGT.B.TO,error,,,,,
LIF.TO,LABRADOR IRON ORE ROYALTY CORPO,Basic Materials,Steel,Canada,2677119488,
LIFE.TO,EVOLVE GLBL HEALTHCARE ENHANCE ,,,,,
LIFE.B.TO,error,,,,,
LIFE.U.TO,error,,,,,
LN.TO,error,,,,,
LNF.TO,LEONS FURNITURE,Consumer Cyclical,Specialty Retail,Canada,1732668416,
LNR.TO,LINAMAR CORP,Consumer Cyclical,Auto Parts,Canada,4802117632,26000
LONG.TO,CI GLOBAL LONGEVITY ECONOMY FUN,,,,,
LS.TO,MIDDLEFIELD HEALTHCARE LIFE SCI,,,,,
LSPD.TO,LIGHTSPEED POS INC,Technology,Software—Application,Canada,11262269440,1100
LUC.TO,LUCARA DIAMOND CORP,Basic Materials,Other Precious Metals & Mining,Canada,313649760,
LUG.TO,LUNDIN GOLD INC,Basic Materials,Gold,Canada,2761101056,
LUN.TO,LUNDIN MINING CORP.,Basic Materials,Copper,Canada,10963012608,
LXR.TO,error,,,,,
LXR.WT.TO,error,,,,,
MAG.TO,MAG SILVER CORP.,Basic Materials,Silver,Canada,2006812416,8
MAL.TO,MAGELLAN AERO,Industrials,Aerospace & Defense,Canada,611928512,3400
MARI.TO,error,,,,,
MAV.TO,MAV BEAUTY BRANDS INC,Consumer Defensive,Household & Personal Products,Canada,212244032,93
MAW.TO,MAWSON GOLD LIMITED,Basic Materials,Gold,Canada,69080496,5
MAX.TO,error,,,,,
MAXR.TO,MAXAR TECHNOLOGIES INC,Technology,Communication Equipment,United States,3416338688,4300
MAYB.F.TO,error,,,,,
MBA.TO,error,,,,,
MBAL.TO,MACKENZIE BALANCED ALLOCATION E,,,,,
MBN.TO,error,,,,,
MBX.TO,error,,,,,
MCB.TO,MCCOY GLOBAL INC,Energy,Oil & Gas Equipment & Services,Canada,18071624,97
MCLC.TO,MANULIFE MLTFACTOR CDN LARGE CA,,,,,
MCON.TO,MACKENZIE CONSERVATIVE ALLOCATI,,,,,
MCSB.TO,MACKENZIE CDN SHORT TERM FIXED ,,,,,
MCSM.TO,MANULIFE MULFACT CDN SMID CAP I,,,,,
MDC.UN.TO,error,,,,,
MDF.TO,MDF COMMERCE INC,Communication Services,Internet Content & Information,Canada,376638720,600
MDI.TO,MAJOR DRILLING GRP,Basic Materials,Other Industrial Metals & Mining,Canada,562872768,2500
MDNA.TO,MEDICENNA THERAPEUTICS CORP,Healthcare,Biotechnology,Canada,234356128,7
MDS.UN.TO,error,,,,,
MDVD.TO,MACKENZIE GLOBAL SUSTAINABLE DI,,,,,
ME.TO,error,,,,,
MEE.TO,MACKENZIE MAX DIVERSE EMG MKTS ,,,,,
MEG.TO,MEG ENERGY CORP.,Energy,Oil & Gas E&P,Canada,2139956864,391
MEME.B.TO,error,,,,,
MEQ.TO,MAINSTREET EQ J,Real Estate,Real Estate Services,Canada,762102720,407
MEU.TO,MACKENZIE MAX DIVERSIF DEV EUR ,,,,,
MFC.TO,MANULIFE FIN,Financial Services,Insurance—Life,Canada,52122476544,37000
MFC.PR.B.TO,error,,,,,
MFC.PR.C.TO,error,,,,,
MFC.PR.F.TO,error,,,,,
MFC.PR.G.TO,error,,,,,
MFC.PR.H.TO,error,,,,,
MFC.PR.I.TO,error,,,,,
MFC.PR.J.TO,error,,,,,
MFC.PR.K.TO,error,,,,,
MFC.PR.L.TO,error,,,,,
MFC.PR.M.TO,error,,,,,
MFC.PR.N.TO,error,,,,,
MFC.PR.O.TO,error,,,,,
MFC.PR.P.TO,error,,,,,
MFC.PR.Q.TO,error,,,,,
MFC.PR.R.TO,error,,,,,
MFI.TO,MAPLE LEAF FOODS,Consumer Defensive,Packaged Foods,Canada,3494616576,13500
MFT.TO,MACKENZIE FLOATING RATE INCOME ,,,,,
MG.TO,MAGNA INTERNATIONAL INC,Consumer Cyclical,Auto Parts,Canada,35509338112,158000
MGA.TO,MEGA URANIUM LTD.,Energy,Uranium,Canada,73791360,1
MGAB.TO,MACKENZIE GLOBAL FIXED INCOME A,,,,,
MGB.TO,MACKENZIE CORE PLS GLOB FIXED I,,,,,
MGRW.TO,MACKENZIE GROWTH ALLOCATION ETF,,,,,
MHC.U.TO,error,,,,,
MI.UN.TO,error,,,,,
MIC.TO,error,,,,,
MID.UN.TO,error,,,,,
MIN.TO,EXCELSIOR MINING CORP,Basic Materials,Other Industrial Metals & Mining,United States,222280208,58
MIND.TO,HORIZONS ACTIVE AI GLOBAL EQUIT,,,,,
MINT.TO,MANULIFE MLTFACTOR DEV INTL HGD,,,,,
MINT.B.TO,error,,,,,
MIVG.TO,MACKENZIE IVY GLOBAL EQUITY ETF,,,,,
MKB.TO,MACKENZIE CORE PLS CDN FIXED IN,,,,,
MKC.TO,MACKENZIE MAX DVRS CDA INDEX ET,,,,,
MKP.TO,error,,,,,
MKZ.UN.TO,error,,,,,
MLD.UN.TO,error,,,,,
MMP.UN.TO,error,,,,,
MMX.TO,MAVERIX METALS INC,Basic Materials,Other Precious Metals & Mining,Canada,978595520,9
MND.TO,MANDALAY RESOURCES CORPORATION,Basic Materials,Gold,Canada,222616192,
MNS.TO,error,,,,,
MNS.U.TO,error,,,,,
MNT.TO,error,,,,,
MNT.U.TO,error,,,,,
MOGO.TO,MOGO INC,Technology,Software—Application,Canada,634019648,
MOGO.DB.TO,error,,,,,
MOGO.WT.TO,error,,,,,
MOZ.TO,MARATHON GOLD CORPORATION,Basic Materials,Gold,Canada,528463200,14
MPC.TO,error,,,,,
MPC.C.TO,error,,,,,
MPCF.TO,MACKENZIE PORTFOLIO COMPLETION ,,,,,
MPCT.UN.TO,error,,,,,
MPVD.TO,MOUNTAIN PROVINCE DIAMONDS INC,Basic Materials,Other Precious Metals & Mining,Canada,115770056,10
MQR.TO,error,,,,,
MR.DB.A.TO,error,,,,,
MR.DB.B.TO,error,,,,,
MR.UN.TO,error,,,,,
MRC.TO,MORGUARD CORP.,Real Estate,Real Estate—Diversified,Canada,1371294976,
MRD.TO,MELCOR DEV,Real Estate,Real Estate—Development,Canada,430183424,126
MRE.TO,MARTINREA INTERNATIONAL INC.,Consumer Cyclical,Auto Parts,Canada,1071926208,15800
MRG.DB.A.TO,error,,,,,
MRG.UN.TO,error,,,,,
MRT.DB.TO,error,,,,,
MRT.UN.TO,error,,,,,
MRU.TO,METRO INC,Consumer Defensive,Grocery Stores,Canada,13851621376,90000
MSI.TO,MORNEAU SHEPELL INC.,Industrials,Staffing & Employment Services,Canada,2125440896,
MSV.TO,MINCO SILVER CORP.,Basic Materials,Silver,Canada,27461294,13
MTL.TO,MULLEN GROUP LTD.,Industrials,Trucking,Canada,1300983808,
MTL.DB.TO,error,,,,,
MTY.TO,MTY FOOD GROUP INC,Consumer Cyclical,Restaurants,Canada,1277326080,1941
MUB.TO,MACKENZIE UNCONSTRAINED BOND ET,,,,,
MULC.TO,MANULIFE MLTFACTOR US LARGE CAP,,,,,
MULC.B.TO,error,,,,,
MUMC.TO,MANULIFE MLTFACTOR US MID CAP H,,,,,
MUMC.B.TO,error,,,,,
MUS.TO,MACKENZIE MAX DVRS US INDEX ETF,,,,,
MUSC.TO,MANULIFE MULFACT US SCAP IDX ET,,,,,
MUSC.B.TO,error,,,,,
MUX.TO,MCEWEN MINING INC,Basic Materials,Other Precious Metals & Mining,Canada,676503232,377
MWD.TO,MACKENZIE MAX DIVERSIF WORLD DE,,,,,
MX.TO,METHANEX CORP,Basic Materials,Chemicals,Canada,3490385152,1489
MXG.TO,MAXIM POWER CORP.,Utilities,Utilities—Independent Power Producers,Canada,119025592,33
MXU.TO,MACKENZIE MAX DIVERS WRLD DEV E,,,,,
NA.TO,NATIONAL BANK OF CANADA,Financial Services,Banks—Diversified,Canada,30095108096,26231
NA.PR.A.TO,error,,,,,
NA.PR.C.TO,error,,,,,
NA.PR.E.TO,error,,,,,
NA.PR.G.TO,error,,,,,
NA.PR.S.TO,error,,,,,
NA.PR.W.TO,error,,,,,
NA.PR.X.TO,error,,,,,
NAC.U.TO,error,,,,,
NAC.WT.U.TO,error,,,,,
NALT.TO,NBI LIQUID ALTERNATIVES ETF,,,,,
NB.TO,NIOCORP DEVELOPMENTS LTD,Basic Materials,Other Industrial Metals & Mining,United States,329031648,9
NCF.TO,error,,,,,
NCG.TO,error,,,,,
NCM.TO,NEWCREST MINING LIMITED,Basic Materials,Gold,Australia,20634957824,
NCP.TO,NICKEL CREEK PLATINUM CORP,Basic Materials,Other Industrial Metals & Mining,Canada,32724174,
NCU.TO,NEVADA COPPER CORP.,Basic Materials,Copper,United States,404540960,
NCU.WT.TO,error,,,,,
NDM.TO,NORTHERN DYNASTY MINERALS LTD.,Basic Materials,Other Industrial Metals & Mining,Canada,369208832,
NDM.WT.B.TO,error,,,,,
NEO.TO,NEO PERFORMANCE MATERIALS INC,Basic Materials,Specialty Chemicals,Canada,748458752,1805
NEPT.TO,NEPTUNE WELLNESS SOLUTIONS INC,Healthcare,Drug Manufacturers—Specialty & Generic,Canada,268098640,165
NEXA.TO,NEXA RESOURCES SA,Basic Materials,Other Industrial Metals & Mining,Luxembourg,1681242624,
NEXT.TO,error,,,,,
NFAM.TO,NBI CANADIAN FAMILY BUSINESS ET,,,,,
NFI.TO,NFI GROUP INC,Consumer Cyclical,Auto Manufacturers,Canada,1956766848,
NG.TO,NOVAGOLD RES INC.,Basic Materials,Gold,Canada,3657894400,13
NGD.TO,NEW GOLD INC.,Basic Materials,Gold,Canada,1367295488,
NGPE.TO,NBI GLOBAL PRIVATE EQUITY ETF,,,,,
NGT.TO,NEWMONT CORPORATION,Basic Materials,Gold,United States,61386481664,14300
NHF.UN.TO,error,,,,,
NHK.TO,NIGHTHAWK GOLD CORP,Basic Materials,Gold,Canada,76906744,3
NHYB.TO,NBI HIGH YIELD BOND ETF,,,,,
NIF.UN.TO,error,,,,,
NML.TO,error,,,,,
NOA.TO,NORTH AMERICAN CONSTRUCTION GRO,Energy,Oil & Gas Equipment & Services,Canada,465595456,181
NOA.DB.A.TO,error,,,,,
NOVB.F.TO,error,,,,,
NPI.TO,NORTHLAND POWER INC.,Utilities,Utilities—Renewable,Canada,9531919360,1150
NPI.PR.A.TO,error,,,,,
NPI.PR.B.TO,error,,,,,
NPI.PR.C.TO,error,,,,,
NPK.TO,error,,,,,
NPRF.TO,NBI ACTIVE CANADIAN PREFERRED S,,,,,
NREA.TO,NBI GLOBAL REAL ASSETS INCOME E,,,,,
NRI.TO,error,,,,,
NSCB.TO,NBI SUSTAINABLE CANADIAN BOND E,,,,,
NSCE.TO,NBI SUSTAINABLE CANADIAN EQUITY,,,,,
NSGE.TO,NBI SUSTAINABLE GLOBAL EQUITY E,,,,,
NSR.TO,NOMAD ROYALTY COMPANY LTD,Basic Materials,Other Precious Metals & Mining,Canada,606010560,6
NTR.TO,NUTRIEN LTD,Basic Materials,Agricultural Inputs,Canada,38688817152,23100
NUAG.TO,NEW PACIFIC METALS CORP,Basic Materials,Other Precious Metals & Mining,Canada,963791616,
NVA.TO,NUVISTA ENERGY LTD.,Energy,Oil & Gas E&P,Canada,523941792,
NVCN.TO,NEOVASC INC,Healthcare,Medical Devices,Canada,79711080,71
NVEI.TO,NUVEI CORPORATION,Technology,Information Technology Services,Canada,11944969216,
NVEI.U.TO,error,,,,,
NVU.UN.TO,error,,,,,
NWC.TO,THE NORTH WEST COMPANY INC,Consumer Defensive,Grocery Stores,Canada,1720910848,6939
NWH.DB.E.TO,error,,,,,
NWH.DB.F.TO,error,,,,,
NWH.DB.G.TO,error,,,,,
NWH.UN.TO,error,,,,,
NXE.TO,NEXGEN ENERGY LTD,Energy,Uranium,Canada,2177709824,32
NXF.TO,CI ENERGY GIANTS COV CALL ETF,,,,,
NXF.B.TO,error,,,,,
NXJ.TO,error,,,,,
NZC.TO,NORZINC LTD,Basic Materials,Other Industrial Metals & Mining,Canada,41687176,
NZC.RT.TO,error,,,,,
OBE.TO,error,,,,,
OGC.TO,OCEANAGOLD CORPORATION,Basic Materials,Gold,Australia,1443200000,
OGD.TO,error,,,,,
OGI.TO,ORGANIGRAM HOLDINGS INC,Healthcare,Drug Manufacturers—Specialty & Generic,Canada,972239552,619
OLA.TO,ORLA MINING LTD,Basic Materials,Gold,Canada,1052953408,124
OLY.TO,error,,,,,
OMI.TO,error,,,,,
ONC.TO,ONCOLYTICS BIOTECH INC,Healthcare,Biotechnology,Canada,197355680,25
ONC.WT.TO,error,,,,,
ONEB.TO,CI ONE NORTH AMERICAN CORE PLUS,,,,,
ONEQ.TO,CI ONE GLOBAL EQUITY ETF,,,,,
ONEX.TO,ONEX CORPORATION,Financial Services,Asset Management,Canada,7413152256,497
OPS.TO,OPSENS INC,Healthcare,Medical Instruments & Supplies,Canada,213280000,
OPT.TO,OPTIVA INC,Technology,Software—Infrastructure,Canada,177997216,
OR.TO,OSISKO GOLD ROYALTIES LTD,Basic Materials,Gold,Canada,2482257152,
OR.DB.TO,error,,,,,
OR.WT.TO,error,,,,,
ORA.TO,AURA MINERALS  INC.,Basic Materials,Gold,United States,973416768,
OREA.TO,error,,,,,
ORL.TO,OROCOBRE LIMITED,Basic Materials,Other Industrial Metals & Mining,Australia,2218024448,
ORV.TO,ORVANA MINERALS J,Basic Materials,Other Precious Metals & Mining,Canada,36888212,
OSB.TO,error,,,,,
OSK.TO,OSISKO MINING INC,Basic Materials,Gold,Canada,1146910464,193
OSP.TO,error,,,,,
OSP.PR.A.TO,error,,,,,
OTEX.TO,OPEN TEXT CORPORATION,Technology,Software—Application,Canada,15788912640,14300
OVV.TO,OVINTIV INC,Energy,Oil & Gas E&P,United States,7672082944,1916
OXC.TO,error,,,,,
PAAS.TO,PAN AMERICAN SILVER CORP,Basic Materials,Silver,Canada,8217039360,6850
PAT.TO,PATRIOT ONE TECHNOLOGIES INC,Technology,Software—Application,Canada,78379072,69
PAT.WT.B.TO,error,,,,,
PAT.WT.C.TO,error,,,,,
PATH.TO,COUNTERPATH CORPORATION,Technology,Software—Application,Canada,26801962,72
PAYF.TO,PURPOSE ENHANCED PREMIUM YIELD ,,,,,
PBD.TO,PURPOSE TOTAL RETURN BOND FUND ,,,,,
PBH.TO,PREMIUM BRANDS HOLDINGS CORPORA,Consumer Defensive,Packaged Foods,Canada,5201294848,
PBH.DB.F.TO,error,,,,,
PBH.DB.G.TO,error,,,,,
PBH.DB.H.TO,error,,,,,
PBI.TO,PURPOSE BEST IDEAS FUND ETF,,,,,
PBI.B.TO,error,,,,,
PBL.TO,POLLARD BANKNOTE LIMITED,Consumer Cyclical,Gambling,Canada,1608162048,1776
PBY.UN.TO,error,,,,,
PCON.TO,PIMCO MANAGED CONSERVATIVE BOND,,,,,
PCOR.TO,PIMCO MANAGED CORE BOND POOL ET,,,,,
PD.TO,PRECISION DRILLING CORPORATION,Energy,Oil & Gas Drilling,Canada,419886848,3500
PDC.TO,INVESCO CDN DIV IDX ETF,,,,,
PDF.TO,PURPOSE CORE DIVIDEND FUND ETF,,,,,
PDIV.TO,PURPOSE ENHANCED DIVIDEND FUND ,,,,,
PDV.TO,error,,,,,
PDV.PR.A.TO,error,,,,,
PEA.TO,error,,,,,
PEY.TO,PEYTO EXPLORATION AND DVLPMNT C,Energy,Oil & Gas E&P,Canada,884083712,
PFAE.TO,PICTON MAHONEY FORT ACT EXT ALT,,,,,
PFB.TO,PFB CORP,Industrials,Building Products & Equipment,Canada,146135504,399
PFH.F.TO,error,,,,,
PFIA.TO,PICTON MAHONEY FORT INCOME ALT ,,,,,
PFL.TO,INVESCO 1 TO 3 YR LAD FLOAT RAT,,,,,
PFLS.TO,PICTON MAHONEY FRT LNG SHRT ALT,,,,,
PFMN.TO,PICTON MAHONEY FORT MKT NEUTRAL,,,,,
PFMS.TO,PICTON MAHONEY MULTI STRAT ALT ,,,,,
PG.TO,PREMIER GOLD MINES LTD.,,,,702843136,
PGI.UN.TO,error,,,,,
PHE.TO,PURPOSE TACTICAL HEDGED EQUITY ,,,,,
PHE.B.TO,error,,,,,
PHO.TO,PHOTON CONTROL INC,Technology,Scientific & Technical Instruments,Canada,313904992,142
PHR.TO,PURPOSE REAL ESTATE INCOME FUND,,,,,
PHW.TO,PURPOSE INTL TACTICAL HEDGED EQ,,,,,
PHX.TO,PHX ENERGY SERVICES CORP.,Energy,Oil & Gas Drilling,Canada,175075856,438
PHYS.TO,SPROTT PHYSICAL GOLD TRUST CAD,,,,10196346880,
PHYS.U.TO,error,,,,,
PIC.A.TO,error,,,,,
PIC.PR.A.TO,error,,,,,
PID.TO,PURPOSE INTL DIVIDEND FUND,,,,,
PIF.TO,POLARIS INFRASTRUCTURE INC,Utilities,Utilities—Renewable,Canada,363975616,123
PIF.DB.TO,error,,,,,
PIN.TO,PURPOSE MONTHLY INCOME FUND ETF,,,,,
PINC.TO,PURPOSE MULTI ASSET INCOME FUND,,,,,
PINV.TO,PURPOSE GLOBAL INNOVATORS FUND,,,,,
PKI.TO,PARKLAND CORPORATION,Energy,Oil & Gas Refining & Marketing,Canada,5924131840,
PL.TO,error,,,,,
PLC.TO,PARK LAWN CORPORATION,Consumer Cyclical,Personal Services,Canada,1003714816,1979
PLC.DB.TO,error,,,,,
PLDI.TO,PIMCO LOW DURATION MONTHLY INC ,,,,,
PLV.TO,INVESCO LOW VOL PORTFOLIO ETF,,,,,
PLZ.DB.E.TO,error,,,,,
PLZ.UN.TO,error,,,,,
PMB.UN.TO,error,,,,,
PME.TO,error,,,,,
PMIF.TO,PIMCO MONTHLY INCOME FUND,,,,,
PMIF.U.TO,error,,,,,
PMM.TO,PURPOSE MULTI STRATEGY MKT NEUT,,,,,
PMN.TO,PROMIS NEUROSCIENCES INC,Healthcare,Biotechnology,Canada,55071004,
PMNT.TO,PIMCO GLOBAL SHORT MATURITY FUN,,,,,
PMT.TO,error,,,,,
PMTS.TO,CPI CARD GROUP INC,Financial Services,Credit Services,United States,221755232,1000
PNC.A.TO,error,,,,,
PNC.B.TO,error,,,,,
PNE.TO,error,,,,,
PNP.TO,error,,,,,
POM.TO,POLYMET MINING CORP.,Basic Materials,Other Industrial Metals & Mining,United States,372715808,
POU.TO,PARAMOUNT RESOURCES LTD.,Energy,Oil & Gas E&P,Canada,1535236480,497
POW.TO,"POWER CORPORATION OF CANADA, SV",Financial Services,Insurance—Life,Canada,24291946496,
POW.PR.A.TO,error,,,,,
POW.PR.B.TO,error,,,,,
POW.PR.C.TO,error,,,,,
POW.PR.D.TO,error,,,,,
POW.PR.F.TO,error,,,,,
POW.PR.G.TO,error,,,,,
PPL.TO,PEMBINA PIPELINE CORPORATION,Energy,Oil & Gas Midstream,Canada,20865406976,2623
PPL.PF.A.TO,error,,,,,
PPL.PF.C.TO,error,,,,,
PPL.PF.E.TO,error,,,,,
PPL.PR.A.TO,error,,,,,
PPL.PR.C.TO,error,,,,,
PPL.PR.E.TO,error,,,,,
PPL.PR.G.TO,error,,,,,
PPL.PR.I.TO,error,,,,,
PPL.PR.K.TO,error,,,,,
PPL.PR.M.TO,error,,,,,
PPL.PR.O.TO,error,,,,,
PPL.PR.Q.TO,error,,,,,
PPL.PR.S.TO,error,,,,,
PPR.TO,PRAIRIE PROVIDENT RESOURCES INC,Energy,Oil & Gas E&P,Canada,5760630,32
PPS.TO,INVESCO CDN PREF SHARE IDX ETF,,,,,
PR.TO,LYSANDER SLATER PREF SHARE ACTI,,,,,
PRA.TO,PURPOSE DIVERSIFIED REAL ASSET ,,,,,
PREF.TO,EVOLVE DIVIDEND STABLITY PREF S,,,,,
PRM.TO,error,,,,,
PRM.PR.A.TO,error,,,,,
PRMW.TO,PRIMO WATER CORPORATION,Consumer Defensive,Beverages—Non-Alcoholic,United States,3303078656,8880
PRN.TO,PROFOUND MEDICAL CORP,Healthcare,Medical Devices,Canada,455162400,109
PRP.TO,PURPOSE CONSERVATIVE INCOME FUN,,,,,
PRQ.TO,error,,,,,
PRU.TO,PERSEUS MINING LIMITED,Basic Materials,Gold,Australia,1434475392,
PRV.UN.TO,error,,,,,
PSA.TO,PURPOSE HIGH INTEREST SAVINGS E,,,,,
PSB.TO,INVESCO 1 TO 5 YR  LADDER INV G,,,,,
PSD.TO,PULSE SEISMIC INC.,Energy,Oil & Gas Equipment & Services,Canada,102745200,16
PSI.TO,PASON SYSTEMS INC.,Energy,Oil & Gas Equipment & Services,Canada,781036544,
PSK.TO,PRAIRIESKY ROYALTY LTD,Energy,Oil & Gas E&P,Canada,2943094016,58
PSLV.TO,SPROTT PHYSICAL SILVER TRUST CA,,,,2844695808,
PSLV.U.TO,error,,,,,
PSU.U.TO,error,,,,,
PSY.TO,INVESCO GLB SHAREHLDR YIELD ETF,,,,,
PTB.TO,INVESCO TACTICAL BOND ETF,,,,,
PTG.TO,error,,,,,
PTI.UN.TO,error,,,,,
PTM.TO,PLATINUM GROUP METALS LTD.,Basic Materials,Other Precious Metals & Mining,Canada,428955872,
PTS.TO,POINTS INTERNATIONAL LTD.,Communication Services,Internet Content & Information,Canada,280698400,265
PUD.TO,PURPOSE US DIVIDEND FUND ETF,,,,,
PUD.B.TO,error,,,,,
PVG.TO,PRETIUM RESOURCES INC.,Basic Materials,Gold,Canada,2424278528,
PVS.PR.D.TO,error,,,,,
PVS.PR.E.TO,error,,,,,
PVS.PR.F.TO,error,,,,,
PVS.PR.G.TO,error,,,,,
PVS.PR.H.TO,error,,,,,
PVS.PR.I.TO,error,,,,,
PWF.PR.A.TO,error,,,,,
PWF.PR.E.TO,error,,,,,
PWF.PR.F.TO,error,,,,,
PWF.PR.G.TO,error,,,,,
PWF.PR.H.TO,error,,,,,
PWF.PR.I.TO,error,,,,,
PWF.PR.K.TO,error,,,,,
PWF.PR.L.TO,error,,,,,
PWF.PR.O.TO,error,,,,,
PWF.PR.P.TO,error,,,,,
PWF.PR.Q.TO,error,,,,,
PWF.PR.R.TO,error,,,,,
PWF.PR.S.TO,error,,,,,
PWF.PR.T.TO,error,,,,,
PWF.PR.Z.TO,error,,,,,
PXC.TO,INVESCO FTSE RAFI CAD IDX ETF,,,,,
PXG.TO,INVESCO FTSE RAFI GLOBAL PLUS E,,,,,
PXG.U.TO,error,,,,,
PXS.TO,INVESCO FTSE RAFI US IDX ETF II,,,,,
PXT.TO,PAREX RESOURCES INC,Energy,Oil & Gas E&P,Canada,2977090048,348
PXU.F.TO,error,,,,,
PYF.TO,PURPOSE PREMIUM YIELD FUND ETF,,,,,
PYF.B.TO,error,,,,,
PYF.U.TO,error,,,,,
PZA.TO,PIZZA PIZZA ROYALTY CORP,Consumer Cyclical,Restaurants,Canada,347193056,
PZC.TO,INVESCO FTSE RAFI CDN SMALL MID,,,,,
PZW.TO,INVESCO FTSE RAFI GLB SMALL MID,,,,,
PZW.F.TO,error,,,,,
PZW.U.TO,error,,,,,
QAH.TO,MACKENZIE US LARGE CAP EQTY IDX,,,,,
QBB.TO,MACKENZIE CDN AGGREGATE BOND IN,,,,,
QBR.A.TO,error,,,,,
QBR.B.TO,error,,,,,
QBTC.TO,THE BITCOIN FUND CAD,,,Canada,,
QBTC.U.TO,error,,,,,
QBTL.TO,AGFIQ US MKT NEUT ANTIBETA CAD ,,,,,
QCD.TO,AGFIQ CANADIAN EQUITY ETF,,,,,
QCE.TO,MACKENZIE CDN LARGE CAP EQUITY ,,,,,
QCN.TO,MACKENZIE CANADIAN EQUITY INDEX,,,,,
QDX.TO,MACKENZIE INTERNATIONAL EQUITY ,,,,,
QDXH.TO,MACKENZIE INTL EQUITY INDEX ETF,,,,,
QEBH.TO,MACKENZIE EMERGING MKTS BOND IN,,,,,
QEBL.TO,MACKENZIE EMERGING MKTS LOCAL C,,,,,
QEC.TO,QUESTERRE ENERGY CORP,Energy,Oil & Gas E&P,Canada,85503200,
QEM.TO,AGFIQ EMERGING MARKETS EQUITY E,,,,,
QGL.TO,AGFIQ GLOBAL EQUITY ETF PORTFOL,,,,,
QHY.TO,MACKENZIE US HIGH YLD BND IDX C,,,,,
QIE.TO,AGFIQ INTERNATIONAL EQUITY ETF,,,,,
QINF.TO,MACKENZIE GLOBAL INFRASTRUCTURE,,,,,
QMA.TO,AGFIQ GLOBAL BALANCED ETF PORTF,,,,,
QQC.F.TO,error,,,,,
QRET.TO,MACKENZIE DEV MKTS REAL ESTATE ,,,,,
QSB.TO,MACKENZIE CDN SHORT TERM BOND I,,,,,
QSP.UN.TO,error,,,,,
QSR.TO,RESTAURANT BRANDS INTERNATIONAL,Consumer Cyclical,Restaurants,Canada,25940965376,5200
QTRH.TO,QUARTERHILL INC,Technology,Communication Equipment,Canada,293807520,317
QUB.TO,MACKENZIE US AGGREGATE BOND IND,,,,,
QUDV.TO,AGFIQ US LONG SHORT DIV INC CAD,,,,,
QUIG.TO,MACKENZIE US INV GRD CORP BD ID,,,,,
QUS.TO,AGFIQ US EQUITY ETF,,,,,
QUU.TO,MACKENZIE US LARGE CAP EQUITY I,,,,,
QUU.U.TO,error,,,,,
QXM.TO,CI MORNINGSTAR NB QUEBEC ETF,,,,,
RA.UN.TO,error,,,,,
RAV.UN.TO,error,,,,,
RAY.A.TO,error,,,,,
RAY.B.TO,error,,,,,
RBA.TO,RITCHIE BROS AUCTIONEERS INC.,Industrials,Specialty Business Services,Canada,8598397952,2600
RBDI.TO,RBC BLUEBAY GLOBAL INCOME ETF,,,,,
RBN.UN.TO,error,,,,,
RBNK.TO,RBC CDN BANK YIELD INDEX ETF,,,,,
RBO.TO,RBC 1 TO 5 YR LADDERED CORP BON,,,,,
RBOT.TO,HORIZONS ROBOTICS AUTOMATION ID,,,,,
RBOT.U.TO,error,,,,,
RCD.TO,RBC QUANT CDN DIVIDEND LEADERS ,,,,,
RCE.TO,RBC QUANT CANADIAN EQUITY LEADE,,,,,
RCH.TO,RICHELIEU HARDWARE LTD,Consumer Cyclical,"Furnishings, Fixtures & Appliances",Canada,2398070016,2200
RCI.A.TO,error,,,,,
RCI.B.TO,error,,,,,
RCO.UN.TO,error,,,,,
RDL.TO,error,,,,,
REAL.TO,REAL MATTERS INC,Technology,Software—Application,Canada,1345394432,
RECP.TO,RECIPE UNLIMITED CORPORATION,Consumer Cyclical,Restaurants,Canada,1084983936,
REI.UN.TO,error,,,,,
REIT.TO,INVESCO SPTSX REIT INCOME IDX E,,,,,
RFP.TO,RESOLUTE FOREST PRODUCTS INC,Basic Materials,Paper & Paper Products,Canada,1325090048,7100
RGRE.TO,RBC QNT GLBL REAL ESTATE LDRS,,,,,
RGRE.U.TO,error,,,,,
RIB.UN.TO,error,,,,,
RID.TO,RBC QUANT EAFE DIV LEADERS ETF,,,,,
RID.U.TO,error,,,,,
RIDH.TO,RBC QUANT EAFE DIV LEADERS ETF,,,,,
RIE.TO,RBC QUANT EAFE EQUITY LEADERS E,,,,,
RIE.U.TO,error,,,,,
RIEH.TO,RBC QUANT EAFE EQUITY LEADERS C,,,,,
RIFI.TO,RUSSELL INVT FIXED INCOME POOL ,,,,,
RIG.TO,RBC QUANT GLOBAL INFRAS LEADERS,,,,,
RIG.U.TO,error,,,,,
RIIN.TO,RUSSELL INVT GLBL INFR POOL ETF,,,,,
RIRA.TO,RUSSELL INVT REAL ASSETS ETF,,,,,
RIT.TO,CI CANADIAN REIT ETF,,,,,
RIV.TO,RIV CAPITAL INC,Healthcare,Drug Manufacturers—Specialty & Generic,Canada,320490080,12
RLB.TO,RBC 1 TO 5 YEAR LADDERED CAN BO,,,,,
RLD.TO,RBC STRATEGIC GLOBAL DIV LEADER,,,,,
RLE.TO,RBC STATEGIC GLOBAL EQUITY LEAD,,,,,
RMBO.TO,RBC 6 TO 10 YR  CDN CORP BOND E,,,,,
RME.TO,error,,,,,
RNW.TO,TRANSALTA RENEWABLES INC,Utilities,Utilities—Renewable,Canada,5196542976,
ROOT.TO,error,,,,,
ROXG.TO,ROXGOLD INC,Basic Materials,Gold,Canada,764559360,
RPD.TO,RBC QUANT EUROPEAN DIV LEADERS ,,,,,
RPD.U.TO,error,,,,,
RPDH.TO,RBC QUANT EUROPEAN DIV LEADERS ,,,,,
RPF.TO,RBC CANADIAN PREFERRED SHARE ET,,,,,
RPI.UN.TO,error,,,,,
RPSB.TO,RBC PHN SHORT TERM CDN BOND ETF,,,,,
RQH.TO,RBC TARGET 2020 CORP BOND INDEX,,,,,
RQI.TO,RBC TARGET 2021 CORP BOND INDEX,,,,,
RQJ.TO,RBC TARGET 2022 CORP BOND IDX E,,,,,
RQK.TO,RBC TARGET 2023 CORP BOND IDX E,,,,,
RQL.TO,RBC TARGET 2024 CORP BOND INDEX,,,,,
RQN.TO,RBC TARGET 2025 CORP BOND INDEX,,,,,
RQO.TO,RBC TARGET 2026 CORPORATE BOND ,,,,,
RQP.TO,RBC TARGET 2027 CORPORATE BOND ,,,,,
RS.TO,error,,,,,
RSI.TO,ROGERS SUGAR INC,Consumer Defensive,Confectioners,Canada,575665728,1243
RSI.DB.E.TO,error,,,,,
RSI.DB.F.TO,error,,,,,
RTG.TO,RTG MINING INC,Basic Materials,Other Industrial Metals & Mining,Australia,105442936,5
RUBH.TO,RBC US BANKS YIELD CAD HGD INDE,,,,,
RUBY.TO,RBC US BANKS YIELD INDEX ETF CA,,,,,
RUBY.U.TO,error,,,,,
RUD.TO,RBC QUANT US DIV LEADERS ETF,,,,,
RUD.U.TO,error,,,,,
RUDH.TO,RBC QUANT US DIV LEADERS ETF,,,,,
RUE.TO,RBC QUANT US EQUITY LEADERS ETF,,,,,
RUE.U.TO,error,,,,,
RUEH.TO,RBC QUANT US EQUITY LEADERS CAD,,,,,
RUS.TO,RUSSEL METALS,Industrials,Industrial Distribution,Canada,1755484416,3010
RUSB.TO,RBC SHORT TERM US CORP BOND ETF,,,,,
RUSB.U.TO,error,,,,,
RVX.TO,error,,,,,
RVX.WT.TO,error,,,,,
RVX.WT.A.TO,error,,,,,
RWC.TO,CI MSCI CANADA LOW RISK WTD ETF,,,,,
RWE.TO,CI MSCI EUROPE LR WGTD ETF,,,,,
RWE.B.TO,error,,,,,
RWU.TO,CI MSCI USA LR WGTD ETF,,,,,
RWU.B.TO,error,,,,,
RWW.TO,CI MSCI WORLD LOW RISK WTD ETF,,,,,
RWW.B.TO,error,,,,,
RWX.TO,CI MSCI INTL LOW RISK WEIGHTED ,,,,,
RWX.B.TO,error,,,,,
RXD.TO,RBC QUANT EMERGING MKTS DIV LEA,,,,,
RXD.U.TO,error,,,,,
RXE.TO,RBC QUANT EMERG MKTS EQUITY LEA,,,,,
RXE.U.TO,error,,,,,
RY.TO,ROYAL BANK OF CANADA,Financial Services,Banks—Diversified,Canada,167149158400,84030
RY.PR.H.TO,error,,,,,
RY.PR.J.TO,error,,,,,
RY.PR.M.TO,error,,,,,
RY.PR.N.TO,error,,,,,
RY.PR.O.TO,error,,,,,
RY.PR.P.TO,error,,,,,
RY.PR.Q.TO,error,,,,,
RY.PR.R.TO,error,,,,,
RY.PR.S.TO,error,,,,,
RY.PR.Z.TO,error,,,,,
S.TO,SHERRITT INTL RV,Basic Materials,Other Industrial Metals & Mining,Canada,222479600,
S.WT.TO,error,,,,,
SAM.TO,error,,,,,
SAP.TO,SAPUTO INC.,Consumer Defensive,Packaged Foods,Canada,16029130752,17200
SAU.TO,ST AUGUSTINE GOLD AND COPPER LT,Basic Materials,Other Industrial Metals & Mining,Singapore,83678168,20
SBB.TO,SABINA GOLD AND SILVER CORP,Basic Materials,Gold,Canada,612233600,22
SBC.TO,error,,,,,
SBC.PR.A.TO,error,,,,,
SBI.TO,error,,,,,
SBN.TO,error,,,,,
SBN.PR.A.TO,error,,,,,
SBR.TO,error,,,,,
SBT.B.TO,error,,,,,
SBT.U.TO,error,,,,,
SCAD.TO,SCOTIA STRATEGIC CDN EQTY ETF P,,,,,
SCL.TO,SHAWCOR LTD,Energy,Oil & Gas Equipment & Services,Canada,410616768,
SCR.TO,SCORE MEDIA AND GAMING INC,Communication Services,Electronic Gaming & Multimedia,Canada,1068784000,258
SCY.TO,error,,,,,
SEA.TO,SEABRIDGE GOLD INC.,Basic Materials,Gold,Canada,1555813504,
SEC.TO,error,,,,,
SES.TO,SECURE ENERGY SERVICES INC.,Energy,Oil & Gas Equipment & Services,Canada,660192000,950
SFC.TO,SAGICOR FINANCIAL COMPANY LTD,Financial Services,Insurance—Diversified,Barbados,891460288,4545
SFC.WT.TO,error,,,,,
SFD.TO,error,,,,,
SFIX.TO,SCOTIA STRATEGIC FIXED INC ETF ,,,,,
SGR.U.TO,error,,,,,
SGR.UN.TO,error,,,,,
SGY.TO,SURGE ENERGY INC,Energy,Oil & Gas E&P,Canada,183483904,71
SGY.DB.TO,error,,,,,
SGY.DB.A.TO,error,,,,,
SHLE.TO,error,,,,,
SHOP.TO,SHOPIFY INC,Technology,Software—Application,Canada,180409253888,7000
SIA.TO,SIENNA SENIOR LIVING INC,Healthcare,Medical Care Facilities,Canada,981452416,
SID.TO,CI US TRENDLEADERS IDX ETF,,,,,
SIH.UN.TO,error,,,,,
SII.TO,SPROTT INC.,Financial Services,Asset Management,Canada,1381520768,157
SIL.TO,SILVERCREST METALS INC,Basic Materials,Other Precious Metals & Mining,Canada,1538477696,
SINT.TO,SCOTIA STRATEGIC INTL EQTY ETF ,,,,,
SIS.TO,SAVARIA CORP.,Industrials,Specialty Industrial Machinery,Canada,1204220928,1375
SJ.TO,STELLA JONES INC,Basic Materials,Lumber & Wood Production,Canada,3360845568,
SJR.B.TO,error,,,,,
SJR.PR.A.TO,error,,,,,
SJR.PR.B.TO,error,,,,,
SKE.TO,SKEENA RESOURCES LIMITED,Basic Materials,Other Industrial Metals & Mining,Canada,795271936,
SLF.TO,SUN LIFE FINANCIAL INC.,Financial Services,Insurance—Diversified,Canada,38814093312,23816
SLF.PR.A.TO,error,,,,,
SLF.PR.B.TO,error,,,,,
SLF.PR.C.TO,error,,,,,
SLF.PR.D.TO,error,,,,,
SLF.PR.E.TO,error,,,,,
SLF.PR.G.TO,error,,,,,
SLF.PR.H.TO,error,,,,,
SLF.PR.I.TO,error,,,,,
SLF.PR.J.TO,error,,,,,
SLF.PR.K.TO,error,,,,,
SLR.TO,SOLITARIO ZINC CORP,Basic Materials,Other Industrial Metals & Mining,United States,50737720,3
SMC.TO,SULLIDEN MINING CAPITAL INC,Basic Materials,Other Industrial Metals & Mining,Canada,7266456,
SMT.TO,SIERRA METALS INC,Basic Materials,Other Industrial Metals & Mining,Canada,704971648,1317
SMU.UN.TO,error,,,,,
SNC.TO,SNC-LAVALIN SV,Industrials,Engineering & Construction,Canada,4919033344,37584
SOLG.TO,SOLGOLD PLC,Basic Materials,Other Industrial Metals & Mining,Australia,1042185024,463
SOP.TO,error,,,,,
SOT.DB.TO,error,,,,,
SOT.UN.TO,error,,,,,
SOY.TO,"SUNOPTA, INC.",Consumer Defensive,Packaged Foods,Canada,1576107136,1451
SPB.TO,SUPERIOR PLUS CORP.,Utilities,Utilities—Regulated Gas,Canada,2643520000,
SPG.TO,SPARK POWER GROUP INC,Utilities,Utilities—Renewable,Canada,90131328,1346
SPG.WT.TO,error,,,,,
SPPP.TO,SPROTT PHYSICAL PLATINUM PALLAD,,,,218513088,
SPPP.U.TO,error,,,,,
SRHI.TO,error,,,,,
SRHI.WT.TO,error,,,,,
SRU.UN.TO,error,,,,,
SRV.UN.TO,error,,,,,
SRX.TO,STORM RESOURCES LTD,Energy,Oil & Gas E&P,Canada,386971040,
SSF.UN.TO,error,,,,,
SSL.TO,SANDSTORM GOLD LTD,Basic Materials,Gold,Canada,1769950080,
SSL.WT.TO,error,,,,,
SSRM.TO,SSR MINING INC,Basic Materials,Gold,Canada,4295985152,
STEP.TO,error,,,,,
STGO.TO,STEPPE GOLD LTD,Basic Materials,Gold,Mongolia,152816816,
STLC.TO,STELCO HOLDINGS INC,Basic Materials,Steel,Canada,2750990080,2201
STN.TO,STANTEC INC,Industrials,Engineering & Construction,Canada,6401344000,22000
STPL.TO,BMO GLB CONSUMER STAPLES HGD TO,,,,,
SU.TO,SUNCOR ENERGY INC.,Energy,Oil & Gas Integrated,Canada,40028626944,12591
SUSA.TO,SCOTIA STRATEGIC US EQTY ETF PO,,,,,
SVB.TO,SILVER BULL RESOURCES INC,Basic Materials,Other Industrial Metals & Mining,Canada,32028490,4
SVM.TO,SILVERCORP METALS INC.,Basic Materials,Silver,Canada,1132812672,
SVR.TO,ISHARES SILVER BULLION ETF HDG,,,,,
SVR.C.TO,error,,,,,
SW.TO,SIERRA WIRELESS,Technology,Communication Equipment,Canada,686942912,1051
SWP.TO,error,,,,,
SXI.TO,error,,,,,
SXP.TO,error,,,,,
SYLD.TO,PURPOSE STRATEGIC YIELD FUND,,,,,
SZLS.TO,STAGEZERO LIFE SCIENCES LTD,Healthcare,Diagnostics & Research,Canada,38858624,51
SZLS.WT.TO,error,,,,,
T.TO,TELUS CORPORATION,Communication Services,Telecom Services,Canada,34394652672,78100
TA.TO,TRANSALTA CORPORATION,Utilities,Utilities—Independent Power Producers,Canada,3260186624,1476
TA.PR.D.TO,error,,,,,
TA.PR.E.TO,error,,,,,
TA.PR.F.TO,error,,,,,
TA.PR.H.TO,error,,,,,
TA.PR.J.TO,error,,,,,
TBL.TO,error,,,,,
TBP.TO,error,,,,,
TBP.WT.TO,error,,,,,
TBP.WT.A.TO,error,,,,,
TBP.WT.B.TO,error,,,,,
TC.TO,TUCOWS INC.,Technology,Software—Infrastructure,Canada,1024936000,800
TCL.A.TO,error,,,,,
TCL.B.TO,error,,,,,
TCLB.TO,TD CANADIAN LONG TERM FED BOND ,,,,,
TCLV.TO,TD Q CANADIAN LOW VOLATILITY ET,,,,,
TCN.TO,TRICON RESIDENTIAL INC,Real Estate,Real Estate Services,Canada,2519014912,639
TCN.DB.U.TO,error,,,,,
TCS.TO,TECSYS INC J,Technology,Software—Application,Canada,652665280,514
TCSB.TO,TD SELECT SHORT TERM CORP BND L,,,,,
TCT.UN.TO,error,,,,,
TCW.TO,TRICAN WELL,Energy,Oil & Gas Equipment & Services,Canada,538452992,804
TD.TO,TORONTO-DOMINION BANK,Financial Services,Banks—Diversified,Canada,153660719104,90000
TD.PF.A.TO,error,,,,,
TD.PF.B.TO,error,,,,,
TD.PF.C.TO,error,,,,,
TD.PF.D.TO,error,,,,,
TD.PF.E.TO,error,,,,,
TD.PF.F.TO,error,,,,,
TD.PF.G.TO,error,,,,,
TD.PF.H.TO,error,,,,,
TD.PF.I.TO,error,,,,,
TD.PF.J.TO,error,,,,,
TD.PF.K.TO,error,,,,,
TD.PF.L.TO,error,,,,,
TD.PF.M.TO,error,,,,,
TDB.TO,TD CDN AGGREGATE BOND INDEX ETF,,,,,
TEC.TO,TD GLOBAL TECHNOLOGY LEADERS IN,,,,,
TECK.A.TO,error,,,,,
TECK.B.TO,error,,,,,
TEI.TO,error,,,,,
TEV.TO,TERVITA CORPORATION,Energy,Oil & Gas Equipment & Services,Canada,607230720,1213
TF.TO,TIMBERCREEK FINANCIAL CORP,Financial Services,Mortgage Finance,Canada,736895296,
TF.DB.A.TO,error,,,,,
TF.DB.B.TO,error,,,,,
TF.DB.C.TO,error,,,,,
TFII.TO,TFI INTERNATIONAL INC,Industrials,Trucking,Canada,10041463808,16408
TGED.TO,TD ACTIVE GLOBAL ENHANCED DIVID,,,,,
TGFI.TO,TD ACTIVE GLOBAL INCOME ETF,,,,,
TGGR.TO,TD ACTIVE GLOBAL EQUITY GROWTH ,,,,,
TGL.TO,TRANSGLOBE ENERGY CORP,Energy,Oil & Gas E&P,Canada,141457088,56
TGO.TO,TERAGO INC.,Communication Services,Telecom Services,Canada,94537680,
TGOD.TO,THE GREEN ORGANIC DUTCHMAN HOLD,Healthcare,Drug Manufacturers—Specialty & Generic,Canada,171339664,
TGOD.WA.TO,error,,,,,
TGOD.WR.TO,error,,,,,
TGOD.WS.TO,error,,,,,
TGOD.WT.TO,error,,,,,
TGRE.TO,TD ACTIVE GLOBAL REAL ESTATE EQ,,,,,
TGZ.TO,error,,,,,
TH.TO,THERATECHNOLOGIES,Healthcare,Drug Manufacturers—Specialty & Generic,Canada,409622784,54
TH.DB.U.TO,error,,,,,
The.TO,TD INTL EQUITY CAD HEDGE INDEX ,,,,,
THU.TO,TD US EQUITY CAD HEDGED INDEX E,,,,,
TI.TO,TITAN MINING CORPORATION,Basic Materials,Other Industrial Metals & Mining,Canada,76437904,117
TIH.TO,TOROMONT IND,Industrials,Industrial Distribution,Canada,8082521088,6000
TILV.TO,TD Q INTERNATIONAL LOW VOLATILI,,,,,
TINF.TO,TD ACTIVE GLOBAL INFRASTRUCTURE,,,,,
TKO.TO,TASEKO MINES LTD.,Basic Materials,Other Industrial Metals & Mining,Canada,696467840,
TLF.TO,BROMPTON TECH LEADERS INCOME ET,,,,,
TLF.U.TO,error,,,,,
TLG.TO,TROILUS GOLD CORP,Basic Materials,Other Industrial Metals & Mining,Canada,144107808,21
TLO.TO,TALON METALS CORP.,Basic Materials,Other Industrial Metals & Mining,British Virgin Islands,456627808,35
TLV.TO,INVESCO SP TSX LOW VOL IDX ETF,,,,,
TMD.TO,TITAN MEDICAL INC,Healthcare,Medical Devices,Canada,219050000,
TMD.WT.F.TO,error,,,,,
TMD.WT.G.TO,error,,,,,
TMD.WT.H.TO,error,,,,,
TMD.WT.I.TO,error,,,,,
TML.TO,error,,,,,
TMQ.TO,TRILOGY METALS INC,Basic Materials,Other Industrial Metals & Mining,Canada,401134528,8
TMR.TO,TMAC RESOURCES INC,,,Canada,286611616,286
TNP.TO,error,,,,,
TNT.UN.TO,error,,,,,
TNX.TO,TANZANIAN GOLD CORPORATION,Basic Materials,Gold,Canada,178409696,
TOCA.TO,TD ONE CLICK AGGRESSIVE PORTFOL,,,,,
TOCC.TO,TD ONE CLICK CONSERVATIVE PORTF,,,,,
TOCM.TO,TD ONE CLICK MODERATE PORTFOLIO,,,,,
TOG.TO,error,,,,,
TOT.TO,TOTAL ENERGY SERVICES INC.,Energy,Oil & Gas Equipment & Services,Canada,175815904,
TOU.TO,TOURMALINE OIL CORP,Energy,Oil & Gas E&P,Canada,7865089536,296
TOY.TO,SPIN MASTER CORP,Consumer Cyclical,Leisure,Canada,4247279872,
TPAY.TO,TD INCOME BUILDER ETF,,,,,
TPE.TO,TD INTERNATIONAL EQUITY INDEX E,,,,,
TPRF.TO,TD ACTIVE PREFERRED SHARE ETF,,,,,
TPU.TO,TD US EQUITY INDEX ETF,,,,,
TPX.A.TO,error,,,,,
TPX.B.TO,error,,,,,
TPZ.TO,TOPAZ ENERGY CORP,Energy,Oil & Gas Midstream,Canada,1631574016,4
TQCD.TO,TD Q CANADIAN DIVIDEND ETF,,,,,
TQGD.TO,TD Q GLOBAL DIVIDEND ETF,,,,,
TQGM.TO,TD Q GLOBAL MULTIFACTOR ETF,,,,,
TQSM.TO,TD Q US SMALL MID CAP EQTY ETF,,,,,
TRI.TO,THOMSON REUTERS CORPORATION,Industrials,Consulting Services,Canada,56490934272,24000
TRI.PR.B.TO,error,,,,,
TRIL.TO,TRILLIUM THERAPEUTICS INC,Healthcare,Biotechnology,Canada,1201364736,33
TRL.TO,TRILOGY INTERNATIONAL PARTNERS ,Communication Services,Telecom Services,United States,95785096,1635
TRL.WT.TO,error,,,,,
TRP.TO,TC ENERGY CORP.,Energy,Oil & Gas Midstream,Canada,59485560832,7283
TRP.PR.A.TO,error,,,,,
TRP.PR.B.TO,error,,,,,
TRP.PR.C.TO,error,,,,,
TRP.PR.D.TO,error,,,,,
TRP.PR.E.TO,error,,,,,
TRP.PR.F.TO,error,,,,,
TRP.PR.G.TO,error,,,,,
TRP.PR.H.TO,error,,,,,
TRP.PR.I.TO,error,,,,,
TRP.PR.J.TO,error,,,,,
TRP.PR.K.TO,error,,,,,
TRQ.TO,TURQUOISE HILL RESOURCES LTD,Basic Materials,Copper,Canada,4350614528,3093
TRZ.TO,TRANSAT AT INC,Consumer Cyclical,Travel Services,Canada,184205856,5100
TSK.TO,TALISKER RESOURCES LTD,Basic Materials,Other Industrial Metals & Mining,Canada,88168496,45
TSL.TO,error,,,,,
TSU.TO,TRISURA GROUP LTD,Financial Services,Insurance—Specialty,Canada,1346150016,
TTP.TO,TD CANADIAN EQUITY INDEX ETF,,,,,
TUED.TO,TD ACTIVE US ENHANCED DIVIDEND ,,,,,
TUHY.TO,TD ACTIVE US HIGH YIELD BOND ET,,,,,
TULB.TO,TD US LONG TERM TREASURY BOND E,,,,,
TULV.TO,TD Q US LOW VOLATILITY ETF,,,,,
TUSB.TO,TD SELECT US SHORT TERM CORP BN,,,,,
TUSB.U.TO,error,,,,,
TUT.UN.TO,error,,,,,
TV.TO,TREVALI MINING CORPORATION,Basic Materials,Other Industrial Metals & Mining,Canada,207709520,
TVA.B.TO,error,,,,,
TVE.TO,TAMARACK VALLEY ENERGY LTD,Energy,Oil & Gas E&P,Canada,775484608,
TVK.TO,TERRAVEST INDUSTRIES INC,Energy,Oil & Gas Equipment & Services,Canada,332571584,
TWC.TO,error,,,,,
TWM.TO,TIDEWATER MIDSTREAM AND INFRAS ,Energy,Oil & Gas Midstream,Canada,356052864,419
TWM.DB.TO,error,,,,,
TXF.TO,CI TECH GIANTS COVERED CALL ETF,,,,,
TXF.B.TO,error,,,,,
TXG.TO,TOREX GOLD RESOURCES INC,Basic Materials,Gold,Canada,1272702848,
TXP.TO,TOUCHSTONE EXPLORATION INC,Energy,Oil & Gas E&P,Canada,362262016,92
TXT.PR.A.TO,error,,,,,
TXT.UN.TO,error,,,,,
TZS.TO,error,,,,,
U.TO,URANIUM PARTICIPATION CORP.,Energy,Uranium,Canada,724627776,
UDA.TO,CALDWELL US DIVIDEND ADVANTAGE ,,,,,
UEX.TO,UEX CORP,Basic Materials,Other Industrial Metals & Mining,Canada,201222752,8
UFS.TO,DOMTAR CORPORATION,Basic Materials,Paper & Paper Products,United States,2442658816,6600
ULV.C.TO,error,,,,,
ULV.F.TO,error,,,,,
ULV.U.TO,error,,,,,
UMI.TO,CI WISDOMTREE US MIDCAP DIV IDX,,,,,
UMI.B.TO,error,,,,,
UNC.TO,error,,,,,
UNC.PR.A.TO,error,,,,,
UNC.PR.B.TO,error,,,,,
UNC.PR.C.TO,error,,,,,
UNI.TO,error,,,,,
UNS.TO,UNI SELECT INC,Consumer Cyclical,Auto Parts,Canada,577315008,4800
URB.TO,URBANA CORPORATION,Financial Services,Asset Management,Canada,144403840,
URB.A.TO,error,,,,,
URE.TO,UR-ENERGY INC.,Energy,Uranium,United States,267038480,18
USA.TO,AMERICAS GOLD AND SILVER CORPOR,Basic Materials,Other Industrial Metals & Mining,Canada,352558656,
USB.TO,INVESCO LAD US 0 TO 5 YR CORP B,,,,,
USB.U.TO,error,,,,,
USF.UN.TO,error,,,,,
UTE.UN.TO,error,,,,,
UXM.TO,CI FA MORNINGSTAR US DIV TGT 50,,,,,
UXM.B.TO,error,,,,,
VA.TO,VANGUARD FTSE DEV ASIA PAC ALL ,,,,,
VAB.TO,VANGUARD CDN AGGREGATE BOND IND,,,,,
VB.TO,VERSABANK,Financial Services,Banks—Regional,Canada,317487712,
VB.PR.A.TO,error,,,,,
VB.PR.B.TO,error,,,,,
VBAL.TO,VANGUARD BALANCED ETF PORTFOLIO,,,,,
VBG.TO,VANGUARD GLOBAL EX US AGG BND I,,,,,
VBU.TO,VANGUARD US AGG BOND INDEX ETF ,,,,,
VCB.TO,VANGUARD CDN CORPORATE BOND IND,,,,,
VCE.TO,VANGUARD FTSE CANADA INDEX ETF,,,,,
VCIP.TO,VANGUARD CONSERVATIVE INCOME ET,,,,,
VCM.TO,VECIMA NETWORKS INC.,Technology,Communication Equipment,Canada,340566304,466
VCN.TO,VANGUARD FTSE CANADA ALL CAP ID,,,,,
VCNS.TO,VANGUARD CONSERVATIVE ETF PORTF,,,,,
VDU.TO,VANGUARD FTSE DEVELOPED AC EX U,,,,,
VDY.TO,VANGUARD FTSE CDN HIGH DIV YLD ,,,,,
VE.TO,VANGUARD FTSE DEV EUROPE ALL CA,,,,,
VEE.TO,VANGUARD FTSE EMERGING MKTS ALL,,,,,
VEF.TO,VANGUARD FTSE DEV AC EX US IDX ,,,,,
VEQT.TO,VANGUARD ALL EQUITY ETF PORTFOL,,,,,
VET.TO,VERMILION ENERGY INC,Energy,Oil & Gas E&P,Canada,1453262848,747
VFF.TO,VILLAGE FARMS INTERNATIONAL INC,Consumer Defensive,Farm Products,Canada,1090467968,900
VFV.TO,VANGUARD SP 500 INDEX ETF,,,,,
VGAB.TO,VANGUARD GLOBAL AGG BOND IDX ET,,,,,
VGCX.TO,VICTORIA GOLD CORP,Basic Materials,Gold,Canada,832367808,399
VGG.TO,VANGUARD US DIV APPR IDX ETF,,,,,
VGH.TO,VANGUARD US DIV APPR IDX ETF CA,,,,,
VGRO.TO,VANGUARD GROWTH ETF PORTFOLIO,,,,,
VGV.TO,VANGUARD CDN GOVERNMENT BOND IN,,,,,
VGZ.TO,VISTA GOLD CORP,Basic Materials,Gold,United States,135081952,
VI.TO,VANGUARD FTSE DEV ALL CAP NA ID,,,,,
VIDY.TO,VANGUARD FTSE DEV EX NA HIGH DI,,,,,
VII.TO,SEVEN GENERATIONS ENERGY LTD,,,,2817229824,
VIU.TO,VANGUARD FTSE DEV ALL CAP NA ID,,,,,
VIVO.TO,error,,,,,
VLB.TO,VANGUARD CDN LONG TERM BOND IND,,,,,
VLE.TO,VALEURA ENERGY INC,Energy,Oil & Gas E&P,Canada,40694948,71
VLN.TO,error,,,,,
VLNS.TO,THE VALENS COMPANYINC,Healthcare,Drug Manufacturers—Specialty & Generic,Canada,526681184,203
VLNS.WT.TO,error,,,,,
VMD.TO,VIEMED HEALTHCARE INC,Healthcare,Medical Devices,United States,488980128,511
VMO.TO,VANGUARD GLOB MOMENTUM FACTOR E,,,,,
VNP.TO,5N PLUS INC.,Basic Materials,Specialty Chemicals,Canada,336402528,578
VRE.TO,VANGUARD FTSE CDN CAPPED REIT I,,,,,
VRIF.TO,VANGUARD RETIREMENT INCOME ETF,,,,,
VSB.TO,VANGUARD CDN SHORT-TERM BOND IN,,,,,
VSC.TO,VANGUARD CDN SHORT TERM CORP BD,,,,,
VSP.TO,VANGUARD SP 500 INDEX ETF CAD H,,,,,
VUN.TO,VANGUARD US TOTAL MARKET IDX ET,,,,,
VUS.TO,VANGUARD US TOTAL MKT IDX ETF C,,,,,
VVL.TO,VANGUARD GLOB VAL FACTOR ETF,,,,,
VVO.TO,VANGUARD GLOBAL MIN VOL ETF,,,,,
VXC.TO,VANGUARD FTSE GLBL ALL CAP EX C,,,,,
VXM.TO,CI MORNINGSTAR INTL VALUE IDX E,,,,,
VXM.B.TO,error,,,,,
W.PR.K.TO,error,,,,,
W.PR.M.TO,error,,,,,
WBR.TO,WATERLOO BREWING LTD,Consumer Defensive,Beverages—Brewers,Canada,235527712,240
WCM.A.TO,error,,,,,
WCM.B.TO,error,,,,,
WCN.TO,WASTE CONNECTIONS INC,Industrials,Waste Management,Canada,38385025024,18933
WCP.TO,WHITECAP RESOURCES INC,Energy,Oil & Gas E&P,Canada,3213657088,278
WDO.TO,WESDOME GOLD MINES LTD.,Basic Materials,Gold,Canada,1262964096,
WEED.TO,CANOPY GROWTH CORPORATION,Healthcare,Drug Manufacturers—Specialty & Generic,Canada,12674073600,4434
WEF.TO,WESTERN FOREST PRODUCTS INC.,Basic Materials,Lumber & Wood Production,Canada,795491776,2153
WELL.TO,WELL HEALTH TECHNOLOGIES CORP,Healthcare,Medical Care Facilities,Canada,1409062272,
WFC.TO,WALL FINANCIAL,Real Estate,Real Estate—Development,Canada,653602944,
WFS.TO,error,,,,,
WFS.PR.A.TO,error,,,,,
WFT.TO,error,,,,,
WILD.TO,WILDBRAIN LTD,Communication Services,Entertainment,Canada,460485120,700
WILD.DB.TO,error,,,,,
WIR.U.TO,error,,,,,
WIR.UN.TO,error,,,,,
WJX.TO,WAJAX CORPORATION,Industrials,Industrial Distribution,Canada,433163712,2615
WJX.DB.TO,error,,,,,
WLLW.TO,WILLOW BIOSCIENCES INC,Healthcare,Drug Manufacturers—Specialty & Generic,Canada,181203968,
WLLW.WT.TO,error,,,,,
WM.TO,WALLBRIDGE MINING COMPANY LTD,Basic Materials,Other Industrial Metals & Mining,Canada,502371104,
WN.TO,WESTON GEORGE,Consumer Defensive,Grocery Stores,Canada,16537150464,226299
WN.PR.A.TO,error,,,,,
WN.PR.C.TO,error,,,,,
WN.PR.D.TO,error,,,,,
WN.PR.E.TO,error,,,,,
WOMN.TO,BMO WOMEN IN LEADERSHIP FUND,,,,,
WPK.TO,WINPAK LTD,Consumer Cyclical,Packaging & Containers,Canada,2774200064,2507
WPM.TO,WHEATON PRECIOUS METALS CORP,Basic Materials,Gold,Canada,22947999744,39
WPRT.TO,WESTPORT FUEL SYSTEMS INC,Consumer Cyclical,Auto Parts,Canada,1240444800,1313
WRG.TO,WESTERN ENERGY SERVICES CORP,Energy,Oil & Gas Drilling,Canada,41040044,
WRN.TO,WESTERN COPPER AND GOLD CORP,Basic Materials,Other Industrial Metals & Mining,Canada,241720432,6
WRX.TO,error,,,,,
WSP.TO,WSP GLOBAL INC,Industrials,Engineering & Construction,Canada,14490344448,
WSRD.TO,WEALTHSIMPLE DEV MKT EX NA SOC ,,,,,
WSRI.TO,WEALTHSIMPLE NA SOCIALLY RESP I,,,,,
WTE.TO,WESTSHORE TERMINALS INVESTMENT ,Industrials,Marine Shipping,Canada,1268951424,237
WXM.TO,CI MORNINGSTAR CDA MOMENTUM IDX,,,,,
X.TO,TMX GROUP LIMITED,Financial Services,Financial Data & Stock Exchanges,Canada,7625984000,1383
XAM.TO,error,,,,,
XAU.TO,GOLDMONEY INC,Financial Services,Capital Markets,Canada,220318400,77
XAW.TO,ISHARES CORE MSCI ALL CNTRY EX ,,,,,
XAW.U.TO,error,,,,,
XBAL.TO,ISHARES CORE BALANCED ETF PORTF,,,,,
XBB.TO,iSHARES CORE CDN UNIVERSE BOND ,,,,,
XBM.TO,iSHARES SP TSX GLOBAL BASE MTLS,,,,,
XCB.TO,iSHARES CANADIAN CORPORATE BOND,,,,,
XCD.TO,ISHARES SP GLOBAL CONS DISC IDX,,,,,
XCG.TO,iSHARES CANADIAN GROWTH INDEX E,,,,,
XCH.TO,iSHARES CHINA INDEX ETF,,,,,
XCNS.TO,ISHARES CORE CONSERVATIVE BALAN,,,,,
XCS.TO,iSHARES SP TSX SMALLCAP INDEX E,,,,,
XCSR.TO,iSHARES ESG ADVANCED MSCI CANAD,,,,,
XCT.TO,EXACTEARTH LTD,Technology,Software—Application,Canada,64243656,33
XCV.TO,iSHARES CANADIAN VALUE INDEX ET,,,,,
XDG.TO,ISHARES CORE MSCI GLO QLTY DIV ,,,,,
XDG.U.TO,error,,,,,
XDGH.TO,iSHARES CORE MSCI GLO QLTY DIV ,,,,,
XDIV.TO,ISHARES CORE MSCI CAD QLTY DIV ,,,,,
XDSR.TO,iSHARES ESG ADVANCED MSCI EAFE ,,,,,
XDU.TO,ISHARES CORE MSCI US QLTY DIV I,,,,,
XDU.U.TO,error,,,,,
XDUH.TO,iSHARES CORE MSCI US QLTY DIV I,,,,,
XDV.TO,iSHARES CANADIAN SELECT DIV IND,,,,,
XEB.TO,iSHARES JP MORGAN USD EMERG MKT,,,,,
XEC.TO,iSHARES CORE MSCI EMERGING MKTS,,,,,
XEC.U.TO,error,,,,,
XEF.TO,iSHARES CORE MSCI EAFE IMI INDE,,,,,
XEF.U.TO,error,,,,,
XEG.TO,iSHARES SP TSX CAPPED ENERGY IN,,,,,
XEH.TO,ISHARES MSCI EUROPE IMI INDEX E,,,,,
XEI.TO,iSHARES SP TSX COMP HIGH DIV IN,,,,,
XEM.TO,iSHARES MSCI EMERGING MARKETS I,,,,,
XEN.TO,iSHARES JANTZI SOCIAL INDEX ETF,,,,,
XEQT.TO,ISHARES CORE EQUITY ETF,,,,,
XESG.TO,ISHARES ESG AWARE MSCI CDA INDE,,,,,
XEU.TO,ISHARES MSCI EUROPE IMI INDEX E,,,,,
XFA.TO,iSHARES MSCI MULTIFACT US IDX C,,,,,
XFC.TO,iSHARES MSCI MULTIFACTOR CANADA,,,,,
XFF.TO,iSHARES MSCI MULTIFAC EAFE IDX ,,,,,
XFH.TO,ISHARES CORE MSCI EAFE IMI INDE,,,,,
XFI.TO,iSHARES MSCI MULTIFACTOR EAFE I,,,,,
XFN.TO,iSHARES SP TSX CAPPED FINANCIAL,,,,,
XFR.TO,iSHARES FLOATING RATE INDEX ETF,,,,,
XFS.TO,iSHARES MSCI MULTIFACTOR USA IN,,,,,
XFS.U.TO,error,,,,,
XGB.TO,iSHARES CANADIAN GOVT BOND INDE,,,,,
XGD.TO,iSHARES S&P/TSX GLOBAL GOLD IND,,,,,
XGI.TO,ISHARES SP GLOBAL INDUSTRIALS I,,,,,
XGRO.TO,ISHARES CORE GROWTH ETF PORTFOL,,,,,
XHB.TO,iSHARES CDN HYBRID CORP BOND ID,,,,,
XHC.TO,iSHARES GLOBAL HEALTHCARE INDEX,,,,,
XHD.TO,ISHARES US HIGH DIV EQUITY INDE,,,,,
XHU.TO,ISHARES US HIGH DIV EQUITY INDE,,,,,
XHY.TO,iSHARES US HIGH YIELD BOND INDE,,,,,
XIC.TO,iSHARES CORE SP TSX CAPPED COMP,,,,,
XID.TO,iSHARES INDIA INDEX ETF,,,,,
XIG.TO,iSHARES US IG CORPORATE BOND IN,,,,,
XIN.TO,error,,,,,
XINC.TO,ISHARES CORE INCOME BALANCED ET,,,,,
XIT.TO,iSHARES SP TSX CAPPED INFO TECH,,,,,
XIU.TO,iSHARES SP TSX 60 INDEX ETF,,,,,
XLB.TO,iSHARES CORE CDN LONG TERM BOND,,,,,
XMA.TO,iSHARES SP TSX CAPPED MATERIALS,,,,,
XMC.TO,ISHARES SP US MIDCAP INDEX ETF,,,,,
XMC.U.TO,error,,,,,
XMD.TO,error,,,,,
XMF.A.TO,error,,,,,
XMF.PR.B.TO,error,,,,,
XMF.PR.C.TO,error,,,,,
XMH.TO,ISHARES SP US MIDCAP INDEX ETF ,,,,,
XMI.TO,iSHARES MSCI MIN VOL EAFE INDEX,,,,,
XML.TO,iSHARES MSCI MIN VOL EAFE IDX C,,,,,
XMM.TO,iSHARES MSCI MIN VOL EMRG MKTS ,,,,,
XMS.TO,iSHARES MSCI MIN VOL USA INDEX ,,,,,
XMTM.TO,iSHARES MSCI USA MOMENTUM FACTR,,,,,
XMU.TO,iSHARES MSCI MIN VOL USA INDEX ,,,,,
XMU.U.TO,error,,,,,
XMV.TO,iSHARES MSCI MIN VOL CANADA IND,,,,,
XMW.TO,ISHARES MSCI MIN VOL GLOBAL IND,,,,,
XMY.TO,iSHARES MSCI MIN VOL GLB INDEX ,,,,,
XPF.TO,iSHARES SP TSX NA PREF STOCK ID,,,,,
XQB.TO,iSHARES HIGH QLTY CANADIAN BOND,,,,,
XQLT.TO,iSHARES MSCI USA QUALITY FACTOR,,,,,
XQQ.TO,iSHARES NASDAQ 100 INDEX ETF,,,,,
XRB.TO,iSHARES CDN REAL RETURN BOND IN,,,,,
XRE.TO,iSHARES SP TSX CAPPED REIT INDE,,,,,
XSAB.TO,ISHARES ESG CDN AGG BOND INDEX ,,,,,
XSB.TO,iSHARES CORE CDN SHORT TRM BOND,,,,,
XSC.TO,ISHARES CONS ST STRAT FIX INC E,,,,,
XSE.TO,ISHARES CONS STRAT FIX INC ETF,,,,,
XSEA.TO,ISHARES ESG AWARE MSCI EAFE IND,,,,,
XSEM.TO,ISHARES ESG AWARE MSCI EMRG MKT,,,,,
XSH.TO,iSHARES CORE CDN SHRT TM CORP B,,,,,
XSI.TO,ISHARES SHORT TERM STRATEGIC FI,,,,,
XSMC.TO,ISHARES SP US SMALL CAP INDEX E,,,,,
XSMH.TO,ISHARES SP US SMALL CAP ETF CAD,,,,,
XSP.TO,iSHARES CORE SP 500 IDX ETF CAD,,,,,
XSQ.TO,iSHARES ST HI QLTY CDN BOND IDX,,,,,
XST.TO,iSHARES SP TSX CAPPED CONS STPL,,,,,
XSTB.TO,ISHARES ESG CDN ST BOND INDEX E,,,,,
XSU.TO,iSHARES US SMALL CAP INDEX ETF,,,,,
XSUS.TO,ISHARES ESG AWARE MSCI USA INDE,,,,,
XTC.TO,EXCO TECH,Consumer Cyclical,Auto Parts,Canada,421356352,
XTD.TO,error,,,,,
XTD.PR.A.TO,error,,,,,
XTG.TO,error,,,,,
XTR.TO,iSHARES DIVERSIFIED MONTHLY INC,,,,,
XUH.TO,ISHARES CORE SP US TOTAL MKT ET,,,,,
XUS.TO,iSHARES CORE SP 500 INDEX ETF,,,,,
XUS.U.TO,error,,,,,
XUSR.TO,iSHARES ESG ADVANCED MSCI USA I,,,,,
XUT.TO,iSHARES SP TSX CAPPED UTILITIES,,,,,
XUU.TO,ISHARES CORE SP US TOTAL MARKET,,,,,
XUU.U.TO,error,,,,,
XVLU.TO,iSHARES MSCI USA VALUE FACTOR I,,,,,
XWD.TO,iSHARES MSCI WORLD INDEX ETF,,,,,
XXM.TO,CI MORNINGSTAR US VALUE INDEX E,,,,,
XXM.B.TO,error,,,,,
Y.TO,YELLOW PAGES LIMITED,Communication Services,Publishing,Canada,351200704,
Y.WT.TO,error,,,,,
YCM.TO,error,,,,,
YCM.PR.A.TO,error,,,,,
YCM.PR.B.TO,error,,,,,
YGR.TO,YANGARRA RESOURCES LTD,Energy,Oil & Gas E&P,Canada,93064200,64
YPG.DB.TO,error,,,,,
YRB.TO,error,,,,,
YRI.TO,YAMANA GOLD INC,Basic Materials,Gold,Canada,5436035584,
YXM.TO,CI MORNINGSTAR US MOMENTUM INDE,,,,,
YXM.B.TO,error,,,,,
ZAG.TO,BMO AGGREGATE BOND INDEX ETF,,,,,
ZBAL.TO,BMO BALANCED ETF,,,,,
ZBBB.TO,BMO BBB CORPORATE BOND INDEX ET,,,,,
ZBK.TO,BMO EQUAL WEIGHT US BANK IDX ET,,,,,
ZCB.TO,BMO CORPORATE BOND INDEX ETF,,,,,
ZCH.TO,BMO CHINA EQUITY INDEX ETF,,,,,
ZCM.TO,BMO MID CORPORATE BOND INDEX ET,,,,,
ZCN.TO,BMO SP TSX CAPPED COMP IDX ETF,,,,,
ZCON.TO,BMO CONSERVATIVE ETF,,,,,
ZCPB.TO,BMO CORE PLUS BOND FUND,,,,,
ZCS.TO,BMO SHORT CORP BOND INDEX ETF,,,,,
ZCS.L.TO,error,,,,,
ZDB.TO,BMO DISCOUNT BOND IDX ETF,,,,,
ZDH.TO,BMO INTL DIV CAD HEDGE ETF,,,,,
ZDI.TO,BMO INTERNATIONAL DIVIDEND ETF,,,,,
ZDJ.TO,BMO DJIA HEDGED TO CAD INDEX ET,,,,,
ZDM.TO,BMO MSCI EAFE HEDGED TO CAD IND,,,,,
ZDV.TO,BMO CANADIAN DIVIDEND ETF,,,,,
ZDY.TO,BMO US DIVIDEND ETF CAD,,,,,
ZDY.U.TO,error,,,,,
ZEA.TO,BMO MSCI EAFE IDX ETF,,,,,
ZEB.TO,BMO EQUAL WEIGHT BANKS INDEX ET,,,,,
ZEF.TO,BMO EMG MKT BOND HDGD TO CAD ID,,,,,
ZEM.TO,BMO MSCI EMERGING MARKETS INDEX,,,,,
ZENA.TO,error,,,,,
ZENA.WT.TO,error,,,,,
ZEO.TO,BMO EQUAL WEIGHT OIL GAS INDEX ,,,,,
ZEQ.TO,BMO MSCI EU HQ HCAD IDX ETF,,,,,
ZESG.TO,BMO BALANCED ESG ETF,,,,,
ZFC.TO,BMO SIA FOCUSED CDN EQUITY ETF,,,,,
ZFH.TO,BMO FLOATING RATE HIGH YIELD ET,,,,,
ZFL.TO,BMO LONG FED BOND INDEX ETF,,,,,
ZFM.TO,BMO MID FEDERAL BOND INDEX ETF,,,,,
ZFN.TO,BMO SIA FOCUSED NA EQUITY ETF,,,,,
ZFS.TO,BMO SHORT FEDERAL BOND INDEX ET,,,,,
ZFS.L.TO,error,,,,,
ZGB.TO,BMO GOVERNMENT BOND INDEX ETF,,,,,
ZGD.TO,BMO EQUAL WEIGHT GLOBAL GOLD IN,,,,,
ZGI.TO,BMO GLOBAL INFRASTRUCTURE INDEX,,,,,
ZGQ.TO,BMO MSCI ALL CNTRY WRLD HIGH QL,,,,,
ZGRO.TO,BMO GROWTH ETF,,,,,
ZGSB.TO,BMO GLOBAL STRATEGIC BOND FUND,,,,,
ZHP.TO,BMO US PREF SHARE HGD TO CAD ID,,,,,
ZHU.TO,BMO EQUAL WEIGHT US HEALTH CARE,,,,,
ZHY.TO,BMO HIGH YLD US CORP BND HDG CA,,,,,
ZIC.TO,BMO MID TERM US IG CORP BOND ID,,,,,
ZIC.U.TO,error,,,,,
ZID.TO,BMO INDIA EQUITY INDEX ETF,,,,,
ZIN.TO,BMO EQUAL WEIGHT INDUSTRIALS IN,,,,,
ZJG.TO,BMO JUNIOR GOLD INDEX ETF,,,,,
ZJK.TO,BMO HIGH YIELD US CORP BOND ETF,,,,,
ZJN.TO,BMO JUNIOR GAS INDEX ETF,,,,,
ZJO.TO,BMO JUNIOR OIL INDEX ETF,,,,,
ZLB.TO,BMO LOW VOLATILITY CAD EQUITY E,,,,,
ZLC.TO,BMO LONG CORPORATE BOND INDEX E,,,,,
ZLD.TO,BMO LOW VOL INTL EQTY HED TO CA,,,,,
ZLE.TO,BMO LOW VOL EMERG MKT EQUITY ET,,,,,
ZLH.TO,BMO LOW VOL US EQTY HED TO CAD ,,,,,
ZLI.TO,BMO LOW VOL INTL EQUITY ETF,,,,,
ZLU.TO,BMO LOW VOLATILITY US EQUITY ET,,,,,
ZLU.U.TO,error,,,,,
ZMBS.TO,BMO CANADIAN MBS INDEX ETF,,,,,
ZMI.TO,BMO MONTHLY INCOME ETF,,,,,
ZMID.TO,BMO SP US MID CAP INDEX ETF,,,,,
ZMID.U.TO,error,,,,,
ZMP.TO,BMO MID PROVINCIAL BOND INDEX E,,,,,
ZMSB.TO,BMO GLOBAL MULTI SECTOR BOND FU,,,,,
ZMT.TO,BMO EQL WGT GBL BASE METAL HEG ,,,,,
ZMU.TO,BMO MID TERM US IG CORP BD HGD ,,,,,
ZNQ.TO,BMO NASDAQ 100 EQUITY INDEX ETF,,,,,
ZPAY.TO,BMO PREMIUM YIELD ETF,,,,,
ZPAY.F.TO,error,,,,,
ZPAY.U.TO,error,,,,,
ZPH.TO,BMO US PUT WRITE HEDGED TO CAD ,,,,,
ZPL.TO,BMO LONG PROVINCIAL BOND INDEX ,,,,,
ZPR.TO,BMO LADDERED PREF SHARE IDX ETF,,,,,
ZPS.TO,BMO SHORT PROVINCIAL BOND INDEX,,,,,
ZPW.TO,BMO US PUT WRITE ETF,,,,,
ZPW.U.TO,error,,,,,
ZQB.TO,BMO HIGH QUALITY CORPORATE BOND,,,,,
ZQQ.TO,BMO NASDAQ 100 HEDGED TO CAD IN,,,,,
ZRE.TO,BMO EQUAL WEIGHT REITS INDEX ET,,,,,
ZRR.TO,BMO REAL RETURN BOND INDEX ETF,,,,,
ZSB.TO,BMO SHORT TERM BOND IDX ETF,,,,,
ZSML.TO,BMO SP US SMALL CAP INDEX ETF,,,,,
ZSML.F.TO,error,,,,,
ZSML.U.TO,error,,,,,
ZSP.TO,BMO SP 500 INDEX ETF,,,,,
ZSP.U.TO,error,,,,,
ZST.TO,BMO ULTRA SHORT TERM BOND ETF,,,,,
ZST.L.TO,error,,,,,
ZSU.TO,BMO ST US IG CORP BOND HCAD IDX,,,,,
ZUB.TO,BMO EQL WGT US BANK HDGD TO CAD,,,,,
ZUD.TO,BMO US DIVIDEND HEDGED TO CAD E,,,,,
ZUE.TO,BMO SP 500 HEDGED CAD IDX ETF,,,,,
ZUH.TO,BMO EQL WGT US HCARE HDGD TO CA,,,,,
ZUP.TO,BMO US PREFERRED SHARE INDEX ET,,,,,
ZUP.U.TO,error,,,,,
ZUQ.TO,BMO MSCI USA HIGH QUALITY INDEX,,,,,
ZUQ.F.TO,error,,,,,
ZUQ.U.TO,error,,,,,
ZUS.U.TO,error,,,,,
ZUS.V.TO,error,,,,,
ZUT.TO,BMO EQUAL WEIGHT UTILITIES INDE,,,,,
ZVC.TO,BMO MSCI CDA VALUE INDEX ETF,,,,,
ZVI.TO,BMO MSCI EAFE VALUE INDEX ETF,,,,,
ZVU.TO,BMO MSCI USA VALUE INDEX ETF,,,,,
ZWA.TO,BMO COVERED CALL DJIA CAD ETF,,,,,
ZWB.TO,BMO COVERED CALL CANADIAN BANKS,,,,,
ZWC.TO,BMO CDN HIGH DIV COVERED CALL E,,,,,
ZWE.TO,BMO EUROPE HIGH DIV CC CAD HEDG,,,,,
ZWG.TO,BMO GBL HIGH DIVIDEND COVERED C,,,,,
ZWH.TO,BMO US HIGH DIVIDEND COVERED CA,,,,,
ZWH.U.TO,error,,,,,
ZWK.TO,BMO COVERED CALL US BANKS ETF,,,,,
ZWP.TO,BMO EUROPE HIGH DIV COV CALL ET,,,,,
ZWS.TO,BMO US HIGH DIV COV CALL HGD ET,,,,,
ZWU.TO,BMO COVERED CALL UTILITIES ETF,,,,,
ZXM.TO,CI MORNINGSTAR INTL MOMENTUM ID,,,,,
ZXM.B.TO,error,,,,,
ZZZ.TO,SLEEP COUNTRY CANADA HOLDINGS I,Consumer Cyclical,Specialty Retail,Canada,1275352832,1434
ZZZD.TO,BMO TATICAL DIVIDEND ETF FUND,,,,,
